
Setting CHPL_HOME to $HOMEchapel
Updating PATH to include $HOMEchapel/bin/linux64-riscv64
                     and $HOMEchapel/util
Updating MANPATH to include $HOMEchapel/man

[Removing log file with duplicate name $HOMEchapel/test/Logs/ubuntu.linux64.log]
[Starting Chapel regression tests - 260728.161759]
[git branch: 'HEAD' (ef6f51e0435)]
[starting directory: "$HOMEchapel"]
[Logs directory: "$HOMEchapel/test/Logs"]
[log_file: "$HOMEchapel/test/Logs/ubuntu.linux64.log"]
[CHPL_HOME: $HOMEchapel]
[host platform: linux64]
[target platform: linux64]
[valgrind: OFF]
[performance tests: ON]
[compiler performance tests: OFF]
[number of trials: 10]
[performance graph generation: ON]
[performance graph ranges: ON]
[performance graph data reduction: avg]
[compiler: "$HOMEchapel/bin/linux64-riscv64/chpl"]
[compopts: "--fast --cc-warnings"]
[execopts: ""]
[launchcmd: ""]
[comm: "none"]
[networkAtomics: "none"]
[localeModel: "flat"]
[numlocales: "(default)"]
[max_locales: "(default)"]
[Saving current git sha to $HOMEchapel/test/perfdat/clbg_comparison/perfSha.dat]
Using default date 07/28/26
Looking for sha...found it: ef6f51e04354ff39c8fe07f87e708454057104d0
[tests: ""]
[directories: "$HOMEchapel/test/studies/shootout/submitted"]
[Checking for duplicate performance data filenames]
[Checking for duplicate .graph files and that all .graph files appear in $HOMEchapel/test/*GRAPHFILES]

### Chapel Environment ###
machine info: Linux ubuntu 6.12.33-1-premier #6 SMP PREEMPT_DYNAMIC Thu Nov 27 07:15:04 UTC 2025 riscv64
CHPL_HOME: $HOMEchapel *
script location: $HOMEchapel/util/chplenv
CHPL_HOST_PLATFORM: linux64
CHPL_HOST_COMPILER: llvm +
  CHPL_HOST_CC: $HOMEgit/llvm-project-21/opt/bin/clang +
  CHPL_HOST_CXX: $HOMEgit/llvm-project-21/opt/bin/clang++ +
CHPL_HOST_ARCH: riscv64
CHPL_TARGET_PLATFORM: linux64
CHPL_TARGET_COMPILER: llvm
  CHPL_TARGET_CC: $HOMEgit/llvm-project-21/opt/bin/clang +
  CHPL_TARGET_CXX: $HOMEgit/llvm-project-21/opt/bin/clang++ +
  CHPL_TARGET_LD: $HOMEgit/llvm-project-21/opt/bin/clang++
CHPL_TARGET_ARCH: riscv64
CHPL_TARGET_CPU: native +
CHPL_LOCALE_MODEL: flat *
  CHPL_GPU: none
  CHPL_GPU_SDK_VERSION: none
  CHPL_GPU_MEM_STRATEGY: array_on_device
CHPL_COMM: none *
  CHPL_COMM_SUBSTRATE: none
  CHPL_GASNET_SEGMENT: none *
  CHPL_LIBFABRIC: none
  CHPL_COMM_OFI_OOB: none
CHPL_TASKS: qthreads *
CHPL_LAUNCHER: none *
CHPL_TIMERS: generic
CHPL_UNWIND: bundled
CHPL_HOST_MEM: mimalloc +
  CHPL_HOST_JEMALLOC: none
  CHPL_HOST_MIMALLOC: bundled
CHPL_TARGET_MEM: mimalloc +
  CHPL_TARGET_JEMALLOC: none
  CHPL_TARGET_MIMALLOC: bundled
CHPL_ATOMICS: cstdlib
  CHPL_NETWORK_ATOMICS: none *
CHPL_GMP: bundled
CHPL_HWLOC: bundled
  CHPL_HWLOC_PCI: disable
CHPL_RE2: bundled
CHPL_LLVM: system *
  CHPL_LLVM_SUPPORT: system
  CHPL_LLVM_CONFIG: llvm-config
  CHPL_LLVM_VERSION: 21
CHPL_AUX_FILESYS: none
CHPL_LIB_PIC: none
CHPL_SANITIZE: none
CHPL_SANITIZE_EXE: none
##########################
[Working from directory $HOMEchapel/test/studies/shootout/submitted]

[Working on directory $HOMEchapel/test/studies/shootout/submitted]
[Starting sub_clean - Tue Jul 28 16:18:01 UTC 2026]
[pwd: $HOMEchapel/test/studies/shootout/submitted]
Cleaning directory: .
Cleaning test: ./binarytrees3
Cleaning test: ./binarytrees4
Cleaning test: ./binarytrees5
Cleaning test: ./fannkuchredux2
Cleaning test: ./fasta3
Cleaning test: ./fasta5
Cleaning test: ./fasta6
Cleaning test: ./knucleotide3
Cleaning test: ./knucleotide4
Cleaning test: ./mandelbrot
Cleaning test: ./mandelbrot3
Cleaning test: ./nbody2
Cleaning test: ./nbody3
Cleaning test: ./nbody4
Cleaning test: ./pidigits2
Cleaning test: ./pidigits4
Cleaning test: ./pidigits5
Cleaning test: ./regexredux2
Cleaning test: ./regexredux3
Cleaning test: ./revcomp3
Cleaning test: ./revcomp5
Cleaning test: ./revcomp9
Cleaning test: ./spectralnorm
Cleaning test: ./spectralnorm2

[Starting $HOMEchapel/util/test/sub_test Tue Jul 28 16:18:01 UTC 2026]
[Starting subtest - Tue Jul 28 16:18:03 UTC 2026]
[test: studies/shootout/submitted/binarytrees3.chpl]
[Executing compiler $HOMEchapel/bin/linux64-riscv64/chpl --fast --cc-warnings binarytrees3.chpl < /dev/null]
[Elapsed compilation time for "studies/shootout/submitted/binarytrees3" - 37.746 seconds]
[Success compiling studies/shootout/submitted/binarytrees3]
[Executing ./PREEXEC]
[Executing program $HOMEchapel/util/test/timers/highPrecisionTimer ./binarytrees3 --n=21 < /dev/null]
[Reporting processes with top 5 highest cpu usages]
USER         PID %CPU COMMAND
root         204  7.7 [irq/79-fusb303b_interrupt_int_n]
ubuntu    234563  1.1 python3 $HOMEchapel/util/test/start_test.py --performance --numtrials 10 test/studies/shootout/submitted
ubuntu    234638  0.3 python3 $HOMEchapel/util/test/sub_test.py $HOMEchapel/bin/linux64-riscv64/chpl
root       80201  0.1 /usr/bin/es-bmcd
ubuntu    235022  0.0 tail -n +2
[Elapsed execution time for "studies/shootout/submitted/binarytrees3" - 14.285 seconds]
[Executing $HOMEchapel/util/test/computePerfStats binarytrees-submitted $HOMEchapel/test/perfdat/clbg_comparison binarytrees3.perfkeys binarytrees3.exec.out.tmp False 07/28/26]
Using set date 07/28/26
Checking for /stretch tree of depth \d+\t check: 8388607/ on line 1...
SUCCESS
Checking for /long lived tree of depth \d+\t check: 4194303/ on any line...
SUCCESS
Looking for real...found it: 14.07
[Success matching performance keys for studies/shootout/submitted/binarytrees3]
[Executing program $HOMEchapel/util/test/timers/highPrecisionTimer ./binarytrees3 --n=21 < /dev/null]
[Reporting processes with top 5 highest cpu usages]
USER         PID %CPU COMMAND
root         204  7.7 [irq/79-fusb303b_interrupt_int_n]
ubuntu    234563  1.0 python3 $HOMEchapel/util/test/start_test.py --performance --numtrials 10 test/studies/shootout/submitted
ubuntu    234638  0.3 python3 $HOMEchapel/util/test/sub_test.py $HOMEchapel/bin/linux64-riscv64/chpl
root       80201  0.1 /usr/bin/es-bmcd
ubuntu    235054  0.0 tail -n +2
[Elapsed execution time for "studies/shootout/submitted/binarytrees3" - 14.359 seconds]
[Executing $HOMEchapel/util/test/computePerfStats binarytrees-submitted $HOMEchapel/test/perfdat/clbg_comparison binarytrees3.perfkeys binarytrees3.exec.out.tmp False 07/28/26]
Using set date 07/28/26
Checking for /stretch tree of depth \d+\t check: 8388607/ on line 1...
SUCCESS
Checking for /long lived tree of depth \d+\t check: 4194303/ on any line...
SUCCESS
Looking for real...found it: 14.14
[Success matching performance keys for studies/shootout/submitted/binarytrees3]
[Executing program $HOMEchapel/util/test/timers/highPrecisionTimer ./binarytrees3 --n=21 < /dev/null]
[Reporting processes with top 5 highest cpu usages]
USER         PID %CPU COMMAND
root         204  7.7 [irq/79-fusb303b_interrupt_int_n]
ubuntu    235081  200 ps ax -o user,pid,pcpu,command
ubuntu    234563  0.9 python3 $HOMEchapel/util/test/start_test.py --performance --numtrials 10 test/studies/shootout/submitted
ubuntu    234638  0.2 python3 $HOMEchapel/util/test/sub_test.py $HOMEchapel/bin/linux64-riscv64/chpl
root       80201  0.1 /usr/bin/es-bmcd
[Elapsed execution time for "studies/shootout/submitted/binarytrees3" - 14.975 seconds]
[Executing $HOMEchapel/util/test/computePerfStats binarytrees-submitted $HOMEchapel/test/perfdat/clbg_comparison binarytrees3.perfkeys binarytrees3.exec.out.tmp False 07/28/26]
Using set date 07/28/26
Checking for /stretch tree of depth \d+\t check: 8388607/ on line 1...
SUCCESS
Checking for /long lived tree of depth \d+\t check: 4194303/ on any line...
SUCCESS
Looking for real...found it: 14.77
[Success matching performance keys for studies/shootout/submitted/binarytrees3]
[Executing program $HOMEchapel/util/test/timers/highPrecisionTimer ./binarytrees3 --n=21 < /dev/null]
[Reporting processes with top 5 highest cpu usages]
USER         PID %CPU COMMAND
root         204  7.7 [irq/79-fusb303b_interrupt_int_n]
ubuntu    234563  0.8 python3 $HOMEchapel/util/test/start_test.py --performance --numtrials 10 test/studies/shootout/submitted
ubuntu    234638  0.2 python3 $HOMEchapel/util/test/sub_test.py $HOMEchapel/bin/linux64-riscv64/chpl
root      234038  0.2 [kworker/u16:0-flush-179:0]
root       80201  0.1 /usr/bin/es-bmcd
[Elapsed execution time for "studies/shootout/submitted/binarytrees3" - 15.257 seconds]
[Executing $HOMEchapel/util/test/computePerfStats binarytrees-submitted $HOMEchapel/test/perfdat/clbg_comparison binarytrees3.perfkeys binarytrees3.exec.out.tmp False 07/28/26]
Using set date 07/28/26
Checking for /stretch tree of depth \d+\t check: 8388607/ on line 1...
SUCCESS
Checking for /long lived tree of depth \d+\t check: 4194303/ on any line...
SUCCESS
Looking for real...found it: 15.04
[Success matching performance keys for studies/shootout/submitted/binarytrees3]
[Executing program $HOMEchapel/util/test/timers/highPrecisionTimer ./binarytrees3 --n=21 < /dev/null]
[Reporting processes with top 5 highest cpu usages]
USER         PID %CPU COMMAND
root         204  7.7 [irq/79-fusb303b_interrupt_int_n]
ubuntu    235139  200 ps ax -o user,pid,pcpu,command
ubuntu    234563  0.7 python3 $HOMEchapel/util/test/start_test.py --performance --numtrials 10 test/studies/shootout/submitted
ubuntu    234638  0.2 python3 $HOMEchapel/util/test/sub_test.py $HOMEchapel/bin/linux64-riscv64/chpl
root      234038  0.2 [kworker/u16:0-events_unbound]
[Elapsed execution time for "studies/shootout/submitted/binarytrees3" - 14.282 seconds]
[Executing $HOMEchapel/util/test/computePerfStats binarytrees-submitted $HOMEchapel/test/perfdat/clbg_comparison binarytrees3.perfkeys binarytrees3.exec.out.tmp False 07/28/26]
Using set date 07/28/26
Checking for /stretch tree of depth \d+\t check: 8388607/ on line 1...
SUCCESS
Checking for /long lived tree of depth \d+\t check: 4194303/ on any line...
SUCCESS
Looking for real...found it: 14.07
[Success matching performance keys for studies/shootout/submitted/binarytrees3]
[Executing program $HOMEchapel/util/test/timers/highPrecisionTimer ./binarytrees3 --n=21 < /dev/null]
[Reporting processes with top 5 highest cpu usages]
USER         PID %CPU COMMAND
root         204  7.7 [irq/79-fusb303b_interrupt_int_n]
ubuntu    234563  0.6 python3 $HOMEchapel/util/test/start_test.py --performance --numtrials 10 test/studies/shootout/submitted
ubuntu    234638  0.2 python3 $HOMEchapel/util/test/sub_test.py $HOMEchapel/bin/linux64-riscv64/chpl
root      234038  0.2 [kworker/u16:0-kvfree_rcu_reclaim]
root       80201  0.1 /usr/bin/es-bmcd
[Elapsed execution time for "studies/shootout/submitted/binarytrees3" - 14.301 seconds]
[Executing $HOMEchapel/util/test/computePerfStats binarytrees-submitted $HOMEchapel/test/perfdat/clbg_comparison binarytrees3.perfkeys binarytrees3.exec.out.tmp False 07/28/26]
Using set date 07/28/26
Checking for /stretch tree of depth \d+\t check: 8388607/ on line 1...
SUCCESS
Checking for /long lived tree of depth \d+\t check: 4194303/ on any line...
SUCCESS
Looking for real...found it: 14.09
[Success matching performance keys for studies/shootout/submitted/binarytrees3]
[Executing program $HOMEchapel/util/test/timers/highPrecisionTimer ./binarytrees3 --n=21 < /dev/null]
[Reporting processes with top 5 highest cpu usages]
USER         PID %CPU COMMAND
root         204  7.7 [irq/79-fusb303b_interrupt_int_n]
ubuntu    235195  200 ps ax -o user,pid,pcpu,command
ubuntu    234563  0.6 python3 $HOMEchapel/util/test/start_test.py --performance --numtrials 10 test/studies/shootout/submitted
ubuntu    234638  0.2 python3 $HOMEchapel/util/test/sub_test.py $HOMEchapel/bin/linux64-riscv64/chpl
root      234038  0.2 [kworker/u16:0-events_unbound]
[Elapsed execution time for "studies/shootout/submitted/binarytrees3" - 14.203 seconds]
[Executing $HOMEchapel/util/test/computePerfStats binarytrees-submitted $HOMEchapel/test/perfdat/clbg_comparison binarytrees3.perfkeys binarytrees3.exec.out.tmp False 07/28/26]
Using set date 07/28/26
Checking for /stretch tree of depth \d+\t check: 8388607/ on line 1...
SUCCESS
Checking for /long lived tree of depth \d+\t check: 4194303/ on any line...
SUCCESS
Looking for real...found it: 14.0
[Success matching performance keys for studies/shootout/submitted/binarytrees3]
[Executing program $HOMEchapel/util/test/timers/highPrecisionTimer ./binarytrees3 --n=21 < /dev/null]
[Reporting processes with top 5 highest cpu usages]
USER         PID %CPU COMMAND
root         204  7.7 [irq/79-fusb303b_interrupt_int_n]
ubuntu    235224  200 ps ax -o user,pid,pcpu,command
ubuntu    234563  0.6 python3 $HOMEchapel/util/test/start_test.py --performance --numtrials 10 test/studies/shootout/submitted
ubuntu    234638  0.2 python3 $HOMEchapel/util/test/sub_test.py $HOMEchapel/bin/linux64-riscv64/chpl
root      234038  0.2 [kworker/u16:0-kvfree_rcu_reclaim]
[Elapsed execution time for "studies/shootout/submitted/binarytrees3" - 14.334 seconds]
[Executing $HOMEchapel/util/test/computePerfStats binarytrees-submitted $HOMEchapel/test/perfdat/clbg_comparison binarytrees3.perfkeys binarytrees3.exec.out.tmp False 07/28/26]
Using set date 07/28/26
Checking for /stretch tree of depth \d+\t check: 8388607/ on line 1...
SUCCESS
Checking for /long lived tree of depth \d+\t check: 4194303/ on any line...
SUCCESS
Looking for real...found it: 14.12
[Success matching performance keys for studies/shootout/submitted/binarytrees3]
[Executing program $HOMEchapel/util/test/timers/highPrecisionTimer ./binarytrees3 --n=21 < /dev/null]
[Reporting processes with top 5 highest cpu usages]
USER         PID %CPU COMMAND
root         204  7.7 [irq/79-fusb303b_interrupt_int_n]
ubuntu    234563  0.5 python3 $HOMEchapel/util/test/start_test.py --performance --numtrials 10 test/studies/shootout/submitted
root      234038  0.2 [kworker/u16:0-kvfree_rcu_reclaim]
ubuntu    234638  0.1 python3 $HOMEchapel/util/test/sub_test.py $HOMEchapel/bin/linux64-riscv64/chpl
root       80201  0.1 /usr/bin/es-bmcd
[Elapsed execution time for "studies/shootout/submitted/binarytrees3" - 14.402 seconds]
[Executing $HOMEchapel/util/test/computePerfStats binarytrees-submitted $HOMEchapel/test/perfdat/clbg_comparison binarytrees3.perfkeys binarytrees3.exec.out.tmp False 07/28/26]
Using set date 07/28/26
Checking for /stretch tree of depth \d+\t check: 8388607/ on line 1...
SUCCESS
Checking for /long lived tree of depth \d+\t check: 4194303/ on any line...
SUCCESS
Looking for real...found it: 14.19
[Success matching performance keys for studies/shootout/submitted/binarytrees3]
[Executing program $HOMEchapel/util/test/timers/highPrecisionTimer ./binarytrees3 --n=21 < /dev/null]
[Reporting processes with top 5 highest cpu usages]
USER         PID %CPU COMMAND
root         204  7.7 [irq/79-fusb303b_interrupt_int_n]
ubuntu    234563  0.5 python3 $HOMEchapel/util/test/start_test.py --performance --numtrials 10 test/studies/shootout/submitted
root      234038  0.2 [kworker/u16:0-events_unbound]
ubuntu    234638  0.1 python3 $HOMEchapel/util/test/sub_test.py $HOMEchapel/bin/linux64-riscv64/chpl
root       80201  0.1 /usr/bin/es-bmcd
[Elapsed execution time for "studies/shootout/submitted/binarytrees3" - 14.272 seconds]
[Executing $HOMEchapel/util/test/computePerfStats binarytrees-submitted $HOMEchapel/test/perfdat/clbg_comparison binarytrees3.perfkeys binarytrees3.exec.out.tmp False 07/28/26]
Using set date 07/28/26
Checking for /stretch tree of depth \d+\t check: 8388607/ on line 1...
SUCCESS
Checking for /long lived tree of depth \d+\t check: 4194303/ on any line...
SUCCESS
Looking for real...found it: 14.07
[Success matching performance keys for studies/shootout/submitted/binarytrees3]
[Elapsed time to compile and execute all versions of "studies/shootout/submitted/binarytrees3" - 246.201 seconds]
[test: studies/shootout/submitted/binarytrees4.chpl]
[Executing compiler $HOMEchapel/bin/linux64-riscv64/chpl --fast --cc-warnings binarytrees4.chpl < /dev/null]
[Elapsed compilation time for "studies/shootout/submitted/binarytrees4" - 36.004 seconds]
[Success compiling studies/shootout/submitted/binarytrees4]
[Executing ./PREEXEC]
[Executing program $HOMEchapel/util/test/timers/highPrecisionTimer ./binarytrees4 --n=21 < /dev/null]
[Reporting processes with top 5 highest cpu usages]
USER         PID %CPU COMMAND
root         204  7.7 [irq/79-fusb303b_interrupt_int_n]
ubuntu    235463  200 ps ax -o user,pid,pcpu,command
ubuntu    234563  0.4 python3 $HOMEchapel/util/test/start_test.py --performance --numtrials 10 test/studies/shootout/submitted
root      234038  0.2 [kworker/u16:0-events_unbound]
ubuntu    234638  0.1 python3 $HOMEchapel/util/test/sub_test.py $HOMEchapel/bin/linux64-riscv64/chpl
[Elapsed execution time for "studies/shootout/submitted/binarytrees4" - 12.394 seconds]
[Executing $HOMEchapel/util/test/computePerfStats binarytrees4 $HOMEchapel/test/perfdat/clbg_comparison binarytrees4.perfkeys binarytrees4.exec.out.tmp False 07/28/26]
Using set date 07/28/26
Checking for /stretch tree of depth \d+\t check: 8388607/ on line 1...
SUCCESS
Checking for /long lived tree of depth \d+\t check: 4194303/ on any line...
SUCCESS
Looking for real...found it: 12.18
[Success matching performance keys for studies/shootout/submitted/binarytrees4]
[Executing program $HOMEchapel/util/test/timers/highPrecisionTimer ./binarytrees4 --n=21 < /dev/null]
[Reporting processes with top 5 highest cpu usages]
USER         PID %CPU COMMAND
root         204  7.7 [irq/79-fusb303b_interrupt_int_n]
ubuntu    234563  0.4 python3 $HOMEchapel/util/test/start_test.py --performance --numtrials 10 test/studies/shootout/submitted
root      234038  0.2 [kworker/u16:0-events_unbound]
ubuntu    234638  0.1 python3 $HOMEchapel/util/test/sub_test.py $HOMEchapel/bin/linux64-riscv64/chpl
root       80201  0.1 /usr/bin/es-bmcd
[Elapsed execution time for "studies/shootout/submitted/binarytrees4" - 12.476 seconds]
[Executing $HOMEchapel/util/test/computePerfStats binarytrees4 $HOMEchapel/test/perfdat/clbg_comparison binarytrees4.perfkeys binarytrees4.exec.out.tmp False 07/28/26]
Using set date 07/28/26
Checking for /stretch tree of depth \d+\t check: 8388607/ on line 1...
SUCCESS
Checking for /long lived tree of depth \d+\t check: 4194303/ on any line...
SUCCESS
Looking for real...found it: 12.26
[Success matching performance keys for studies/shootout/submitted/binarytrees4]
[Executing program $HOMEchapel/util/test/timers/highPrecisionTimer ./binarytrees4 --n=21 < /dev/null]
[Reporting processes with top 5 highest cpu usages]
USER         PID %CPU COMMAND
root         204  7.7 [irq/79-fusb303b_interrupt_int_n]
ubuntu    234563  0.4 python3 $HOMEchapel/util/test/start_test.py --performance --numtrials 10 test/studies/shootout/submitted
root      234038  0.2 [kworker/u16:0-events_unbound]
ubuntu    234638  0.1 python3 $HOMEchapel/util/test/sub_test.py $HOMEchapel/bin/linux64-riscv64/chpl
root       80201  0.1 /usr/bin/es-bmcd
[Elapsed execution time for "studies/shootout/submitted/binarytrees4" - 12.397 seconds]
[Executing $HOMEchapel/util/test/computePerfStats binarytrees4 $HOMEchapel/test/perfdat/clbg_comparison binarytrees4.perfkeys binarytrees4.exec.out.tmp False 07/28/26]
Using set date 07/28/26
Checking for /stretch tree of depth \d+\t check: 8388607/ on line 1...
SUCCESS
Checking for /long lived tree of depth \d+\t check: 4194303/ on any line...
SUCCESS
Looking for real...found it: 12.19
[Success matching performance keys for studies/shootout/submitted/binarytrees4]
[Executing program $HOMEchapel/util/test/timers/highPrecisionTimer ./binarytrees4 --n=21 < /dev/null]
[Reporting processes with top 5 highest cpu usages]
USER         PID %CPU COMMAND
root         204  7.7 [irq/79-fusb303b_interrupt_int_n]
ubuntu    235543  200 ps ax -o user,pid,pcpu,command
ubuntu    234563  0.4 python3 $HOMEchapel/util/test/start_test.py --performance --numtrials 10 test/studies/shootout/submitted
root      234038  0.2 [kworker/u16:0-events_unbound]
ubuntu    234638  0.1 python3 $HOMEchapel/util/test/sub_test.py $HOMEchapel/bin/linux64-riscv64/chpl
[Elapsed execution time for "studies/shootout/submitted/binarytrees4" - 12.422 seconds]
[Executing $HOMEchapel/util/test/computePerfStats binarytrees4 $HOMEchapel/test/perfdat/clbg_comparison binarytrees4.perfkeys binarytrees4.exec.out.tmp False 07/28/26]
Using set date 07/28/26
Checking for /stretch tree of depth \d+\t check: 8388607/ on line 1...
SUCCESS
Checking for /long lived tree of depth \d+\t check: 4194303/ on any line...
SUCCESS
Looking for real...found it: 12.21
[Success matching performance keys for studies/shootout/submitted/binarytrees4]
[Executing program $HOMEchapel/util/test/timers/highPrecisionTimer ./binarytrees4 --n=21 < /dev/null]
[Reporting processes with top 5 highest cpu usages]
USER         PID %CPU COMMAND
root         204  7.7 [irq/79-fusb303b_interrupt_int_n]
ubuntu    234563  0.3 python3 $HOMEchapel/util/test/start_test.py --performance --numtrials 10 test/studies/shootout/submitted
root      234038  0.2 [kworker/u16:0-events_unbound]
ubuntu    234638  0.1 python3 $HOMEchapel/util/test/sub_test.py $HOMEchapel/bin/linux64-riscv64/chpl
root       80201  0.1 /usr/bin/es-bmcd
[Elapsed execution time for "studies/shootout/submitted/binarytrees4" - 12.648 seconds]
[Executing $HOMEchapel/util/test/computePerfStats binarytrees4 $HOMEchapel/test/perfdat/clbg_comparison binarytrees4.perfkeys binarytrees4.exec.out.tmp False 07/28/26]
Using set date 07/28/26
Checking for /stretch tree of depth \d+\t check: 8388607/ on line 1...
SUCCESS
Checking for /long lived tree of depth \d+\t check: 4194303/ on any line...
SUCCESS
Looking for real...found it: 12.43
[Success matching performance keys for studies/shootout/submitted/binarytrees4]
[Executing program $HOMEchapel/util/test/timers/highPrecisionTimer ./binarytrees4 --n=21 < /dev/null]
[Reporting processes with top 5 highest cpu usages]
USER         PID %CPU COMMAND
root         204  7.7 [irq/79-fusb303b_interrupt_int_n]
ubuntu    235596  200 ps ax -o user,pid,pcpu,command
ubuntu    234563  0.3 python3 $HOMEchapel/util/test/start_test.py --performance --numtrials 10 test/studies/shootout/submitted
root      234038  0.2 [kworker/u16:0-kvfree_rcu_reclaim]
ubuntu    234638  0.1 python3 $HOMEchapel/util/test/sub_test.py $HOMEchapel/bin/linux64-riscv64/chpl
[Elapsed execution time for "studies/shootout/submitted/binarytrees4" - 12.447 seconds]
[Executing $HOMEchapel/util/test/computePerfStats binarytrees4 $HOMEchapel/test/perfdat/clbg_comparison binarytrees4.perfkeys binarytrees4.exec.out.tmp False 07/28/26]
Using set date 07/28/26
Checking for /stretch tree of depth \d+\t check: 8388607/ on line 1...
SUCCESS
Checking for /long lived tree of depth \d+\t check: 4194303/ on any line...
SUCCESS
Looking for real...found it: 12.24
[Success matching performance keys for studies/shootout/submitted/binarytrees4]
[Executing program $HOMEchapel/util/test/timers/highPrecisionTimer ./binarytrees4 --n=21 < /dev/null]
[Reporting processes with top 5 highest cpu usages]
USER         PID %CPU COMMAND
root         204  7.7 [irq/79-fusb303b_interrupt_int_n]
ubuntu    234563  0.3 python3 $HOMEchapel/util/test/start_test.py --performance --numtrials 10 test/studies/shootout/submitted
root      234038  0.2 [kworker/u16:0-events_unbound]
ubuntu    234638  0.1 python3 $HOMEchapel/util/test/sub_test.py $HOMEchapel/bin/linux64-riscv64/chpl
root       80201  0.1 /usr/bin/es-bmcd
[Elapsed execution time for "studies/shootout/submitted/binarytrees4" - 12.429 seconds]
[Executing $HOMEchapel/util/test/computePerfStats binarytrees4 $HOMEchapel/test/perfdat/clbg_comparison binarytrees4.perfkeys binarytrees4.exec.out.tmp False 07/28/26]
Using set date 07/28/26
Checking for /stretch tree of depth \d+\t check: 8388607/ on line 1...
SUCCESS
Checking for /long lived tree of depth \d+\t check: 4194303/ on any line...
SUCCESS
Looking for real...found it: 12.22
[Success matching performance keys for studies/shootout/submitted/binarytrees4]
[Executing program $HOMEchapel/util/test/timers/highPrecisionTimer ./binarytrees4 --n=21 < /dev/null]
[Reporting processes with top 5 highest cpu usages]
USER         PID %CPU COMMAND
root         204  7.7 [irq/79-fusb303b_interrupt_int_n]
ubuntu    235648  200 ps ax -o user,pid,pcpu,command
ubuntu    234563  0.3 python3 $HOMEchapel/util/test/start_test.py --performance --numtrials 10 test/studies/shootout/submitted
root      234038  0.2 [kworker/u16:0-events_unbound]
ubuntu    234638  0.1 python3 $HOMEchapel/util/test/sub_test.py $HOMEchapel/bin/linux64-riscv64/chpl
[Elapsed execution time for "studies/shootout/submitted/binarytrees4" - 12.498 seconds]
[Executing $HOMEchapel/util/test/computePerfStats binarytrees4 $HOMEchapel/test/perfdat/clbg_comparison binarytrees4.perfkeys binarytrees4.exec.out.tmp False 07/28/26]
Using set date 07/28/26
Checking for /stretch tree of depth \d+\t check: 8388607/ on line 1...
SUCCESS
Checking for /long lived tree of depth \d+\t check: 4194303/ on any line...
SUCCESS
Looking for real...found it: 12.28
[Success matching performance keys for studies/shootout/submitted/binarytrees4]
[Executing program $HOMEchapel/util/test/timers/highPrecisionTimer ./binarytrees4 --n=21 < /dev/null]
[Reporting processes with top 5 highest cpu usages]
USER         PID %CPU COMMAND
root         204  7.7 [irq/79-fusb303b_interrupt_int_n]
ubuntu    234563  0.3 python3 $HOMEchapel/util/test/start_test.py --performance --numtrials 10 test/studies/shootout/submitted
root      234038  0.2 [kworker/u16:0-flush-179:0]
ubuntu    234638  0.1 python3 $HOMEchapel/util/test/sub_test.py $HOMEchapel/bin/linux64-riscv64/chpl
root       80201  0.1 /usr/bin/es-bmcd
[Elapsed execution time for "studies/shootout/submitted/binarytrees4" - 12.528 seconds]
[Executing $HOMEchapel/util/test/computePerfStats binarytrees4 $HOMEchapel/test/perfdat/clbg_comparison binarytrees4.perfkeys binarytrees4.exec.out.tmp False 07/28/26]
Using set date 07/28/26
Checking for /stretch tree of depth \d+\t check: 8388607/ on line 1...
SUCCESS
Checking for /long lived tree of depth \d+\t check: 4194303/ on any line...
SUCCESS
Looking for real...found it: 12.31
[Success matching performance keys for studies/shootout/submitted/binarytrees4]
[Executing program $HOMEchapel/util/test/timers/highPrecisionTimer ./binarytrees4 --n=21 < /dev/null]
[Reporting processes with top 5 highest cpu usages]
USER         PID %CPU COMMAND
root         204  7.7 [irq/79-fusb303b_interrupt_int_n]
ubuntu    235701  200 ps ax -o user,pid,pcpu,command
ubuntu    234563  0.3 python3 $HOMEchapel/util/test/start_test.py --performance --numtrials 10 test/studies/shootout/submitted
root      234038  0.2 [kworker/u16:0-flush-179:0]
ubuntu    234638  0.1 python3 $HOMEchapel/util/test/sub_test.py $HOMEchapel/bin/linux64-riscv64/chpl
[Elapsed execution time for "studies/shootout/submitted/binarytrees4" - 12.524 seconds]
[Executing $HOMEchapel/util/test/computePerfStats binarytrees4 $HOMEchapel/test/perfdat/clbg_comparison binarytrees4.perfkeys binarytrees4.exec.out.tmp False 07/28/26]
Using set date 07/28/26
Checking for /stretch tree of depth \d+\t check: 8388607/ on line 1...
SUCCESS
Checking for /long lived tree of depth \d+\t check: 4194303/ on any line...
SUCCESS
Looking for real...found it: 12.3
[Success matching performance keys for studies/shootout/submitted/binarytrees4]
[Elapsed time to compile and execute all versions of "studies/shootout/submitted/binarytrees4" - 162.368 seconds]
[test: studies/shootout/submitted/binarytrees5.chpl]
[Executing compiler $HOMEchapel/bin/linux64-riscv64/chpl --fast --cc-warnings binarytrees5.chpl < /dev/null]
[Elapsed compilation time for "studies/shootout/submitted/binarytrees5" - 36.388 seconds]
[Success compiling studies/shootout/submitted/binarytrees5]
[Executing ./PREEXEC]
[Executing program $HOMEchapel/util/test/timers/highPrecisionTimer ./binarytrees5 --n=21 < /dev/null]
[Reporting processes with top 5 highest cpu usages]
USER         PID %CPU COMMAND
root         204  7.7 [irq/79-fusb303b_interrupt_int_n]
ubuntu    235884  200 ps ax -o user,pid,pcpu,command
ubuntu    234563  0.3 python3 $HOMEchapel/util/test/start_test.py --performance --numtrials 10 test/studies/shootout/submitted
ubuntu    234638  0.1 python3 $HOMEchapel/util/test/sub_test.py $HOMEchapel/bin/linux64-riscv64/chpl
root      234038  0.1 [kworker/u16:0-events_unbound]
[Elapsed execution time for "studies/shootout/submitted/binarytrees5" - 9.091 seconds]
[Executing $HOMEchapel/util/test/computePerfStats binarytrees5 $HOMEchapel/test/perfdat/clbg_comparison binarytrees5.perfkeys binarytrees5.exec.out.tmp False 07/28/26]
Using set date 07/28/26
Checking for /stretch tree of depth \d+\t check: 8388607/ on line 1...
SUCCESS
Checking for /long lived tree of depth \d+\t check: 4194303/ on any line...
SUCCESS
Looking for real...found it: 8.876
[Success matching performance keys for studies/shootout/submitted/binarytrees5]
[Executing program $HOMEchapel/util/test/timers/highPrecisionTimer ./binarytrees5 --n=21 < /dev/null]
[Reporting processes with top 5 highest cpu usages]
USER         PID %CPU COMMAND
root         204  7.7 [irq/79-fusb303b_interrupt_int_n]
ubuntu    235908  200 ps ax -o user,pid,pcpu,command
ubuntu    234563  0.3 python3 $HOMEchapel/util/test/start_test.py --performance --numtrials 10 test/studies/shootout/submitted
ubuntu    234638  0.1 python3 $HOMEchapel/util/test/sub_test.py $HOMEchapel/bin/linux64-riscv64/chpl
root      234038  0.1 [kworker/u16:0-flush-179:0]
[Elapsed execution time for "studies/shootout/submitted/binarytrees5" - 9.177 seconds]
[Executing $HOMEchapel/util/test/computePerfStats binarytrees5 $HOMEchapel/test/perfdat/clbg_comparison binarytrees5.perfkeys binarytrees5.exec.out.tmp False 07/28/26]
Using set date 07/28/26
Checking for /stretch tree of depth \d+\t check: 8388607/ on line 1...
SUCCESS
Checking for /long lived tree of depth \d+\t check: 4194303/ on any line...
SUCCESS
Looking for real...found it: 8.974
[Success matching performance keys for studies/shootout/submitted/binarytrees5]
[Executing program $HOMEchapel/util/test/timers/highPrecisionTimer ./binarytrees5 --n=21 < /dev/null]
[Reporting processes with top 5 highest cpu usages]
USER         PID %CPU COMMAND
root         204  7.7 [irq/79-fusb303b_interrupt_int_n]
ubuntu    235932  200 ps ax -o user,pid,pcpu,command
ubuntu    234563  0.2 python3 $HOMEchapel/util/test/start_test.py --performance --numtrials 10 test/studies/shootout/submitted
ubuntu    234638  0.1 python3 $HOMEchapel/util/test/sub_test.py $HOMEchapel/bin/linux64-riscv64/chpl
root      234038  0.1 [kworker/u16:0-flush-179:0]
[Elapsed execution time for "studies/shootout/submitted/binarytrees5" - 9.146 seconds]
[Executing $HOMEchapel/util/test/computePerfStats binarytrees5 $HOMEchapel/test/perfdat/clbg_comparison binarytrees5.perfkeys binarytrees5.exec.out.tmp False 07/28/26]
Using set date 07/28/26
Checking for /stretch tree of depth \d+\t check: 8388607/ on line 1...
SUCCESS
Checking for /long lived tree of depth \d+\t check: 4194303/ on any line...
SUCCESS
Looking for real...found it: 8.934
[Success matching performance keys for studies/shootout/submitted/binarytrees5]
[Executing program $HOMEchapel/util/test/timers/highPrecisionTimer ./binarytrees5 --n=21 < /dev/null]
[Reporting processes with top 5 highest cpu usages]
USER         PID %CPU COMMAND
root         204  7.7 [irq/79-fusb303b_interrupt_int_n]
ubuntu    234563  0.2 python3 $HOMEchapel/util/test/start_test.py --performance --numtrials 10 test/studies/shootout/submitted
ubuntu    234638  0.1 python3 $HOMEchapel/util/test/sub_test.py $HOMEchapel/bin/linux64-riscv64/chpl
root      234038  0.1 [kworker/u16:0-events_unbound]
root       80201  0.1 /usr/bin/es-bmcd
[Elapsed execution time for "studies/shootout/submitted/binarytrees5" - 9.261 seconds]
[Executing $HOMEchapel/util/test/computePerfStats binarytrees5 $HOMEchapel/test/perfdat/clbg_comparison binarytrees5.perfkeys binarytrees5.exec.out.tmp False 07/28/26]
Using set date 07/28/26
Checking for /stretch tree of depth \d+\t check: 8388607/ on line 1...
SUCCESS
Checking for /long lived tree of depth \d+\t check: 4194303/ on any line...
SUCCESS
Looking for real...found it: 9.044
[Success matching performance keys for studies/shootout/submitted/binarytrees5]
[Executing program $HOMEchapel/util/test/timers/highPrecisionTimer ./binarytrees5 --n=21 < /dev/null]
[Reporting processes with top 5 highest cpu usages]
USER         PID %CPU COMMAND
root         204  7.7 [irq/79-fusb303b_interrupt_int_n]
ubuntu    235980  200 ps ax -o user,pid,pcpu,command
ubuntu    234563  0.2 python3 $HOMEchapel/util/test/start_test.py --performance --numtrials 10 test/studies/shootout/submitted
ubuntu    234638  0.1 python3 $HOMEchapel/util/test/sub_test.py $HOMEchapel/bin/linux64-riscv64/chpl
root      234038  0.1 [kworker/u16:0-kvfree_rcu_reclaim]
[Elapsed execution time for "studies/shootout/submitted/binarytrees5" - 9.160 seconds]
[Executing $HOMEchapel/util/test/computePerfStats binarytrees5 $HOMEchapel/test/perfdat/clbg_comparison binarytrees5.perfkeys binarytrees5.exec.out.tmp False 07/28/26]
Using set date 07/28/26
Checking for /stretch tree of depth \d+\t check: 8388607/ on line 1...
SUCCESS
Checking for /long lived tree of depth \d+\t check: 4194303/ on any line...
SUCCESS
Looking for real...found it: 8.946
[Success matching performance keys for studies/shootout/submitted/binarytrees5]
[Executing program $HOMEchapel/util/test/timers/highPrecisionTimer ./binarytrees5 --n=21 < /dev/null]
[Reporting processes with top 5 highest cpu usages]
USER         PID %CPU COMMAND
root         204  7.7 [irq/79-fusb303b_interrupt_int_n]
ubuntu    234563  0.2 python3 $HOMEchapel/util/test/start_test.py --performance --numtrials 10 test/studies/shootout/submitted
ubuntu    234638  0.1 python3 $HOMEchapel/util/test/sub_test.py $HOMEchapel/bin/linux64-riscv64/chpl
root      234038  0.1 [kworker/u16:0-events_unbound]
root       80201  0.1 /usr/bin/es-bmcd
[Elapsed execution time for "studies/shootout/submitted/binarytrees5" - 9.133 seconds]
[Executing $HOMEchapel/util/test/computePerfStats binarytrees5 $HOMEchapel/test/perfdat/clbg_comparison binarytrees5.perfkeys binarytrees5.exec.out.tmp False 07/28/26]
Using set date 07/28/26
Checking for /stretch tree of depth \d+\t check: 8388607/ on line 1...
SUCCESS
Checking for /long lived tree of depth \d+\t check: 4194303/ on any line...
SUCCESS
Looking for real...found it: 8.921
[Success matching performance keys for studies/shootout/submitted/binarytrees5]
[Executing program $HOMEchapel/util/test/timers/highPrecisionTimer ./binarytrees5 --n=21 < /dev/null]
[Reporting processes with top 5 highest cpu usages]
USER         PID %CPU COMMAND
root         204  7.7 [irq/79-fusb303b_interrupt_int_n]
ubuntu    234563  0.2 python3 $HOMEchapel/util/test/start_test.py --performance --numtrials 10 test/studies/shootout/submitted
ubuntu    234638  0.1 python3 $HOMEchapel/util/test/sub_test.py $HOMEchapel/bin/linux64-riscv64/chpl
root      234038  0.1 [kworker/u16:0-events_unbound]
root       80201  0.1 /usr/bin/es-bmcd
[Elapsed execution time for "studies/shootout/submitted/binarytrees5" - 9.252 seconds]
[Executing $HOMEchapel/util/test/computePerfStats binarytrees5 $HOMEchapel/test/perfdat/clbg_comparison binarytrees5.perfkeys binarytrees5.exec.out.tmp False 07/28/26]
Using set date 07/28/26
Checking for /stretch tree of depth \d+\t check: 8388607/ on line 1...
SUCCESS
Checking for /long lived tree of depth \d+\t check: 4194303/ on any line...
SUCCESS
Looking for real...found it: 9.039
[Success matching performance keys for studies/shootout/submitted/binarytrees5]
[Executing program $HOMEchapel/util/test/timers/highPrecisionTimer ./binarytrees5 --n=21 < /dev/null]
[Reporting processes with top 5 highest cpu usages]
USER         PID %CPU COMMAND
root         204  7.7 [irq/79-fusb303b_interrupt_int_n]
ubuntu    234563  0.2 python3 $HOMEchapel/util/test/start_test.py --performance --numtrials 10 test/studies/shootout/submitted
ubuntu    234638  0.1 python3 $HOMEchapel/util/test/sub_test.py $HOMEchapel/bin/linux64-riscv64/chpl
root      234038  0.1 [kworker/u16:0-events_unbound]
root       80201  0.1 /usr/bin/es-bmcd
[Elapsed execution time for "studies/shootout/submitted/binarytrees5" - 9.103 seconds]
[Executing $HOMEchapel/util/test/computePerfStats binarytrees5 $HOMEchapel/test/perfdat/clbg_comparison binarytrees5.perfkeys binarytrees5.exec.out.tmp False 07/28/26]
Using set date 07/28/26
Checking for /stretch tree of depth \d+\t check: 8388607/ on line 1...
SUCCESS
Checking for /long lived tree of depth \d+\t check: 4194303/ on any line...
SUCCESS
Looking for real...found it: 8.89
[Success matching performance keys for studies/shootout/submitted/binarytrees5]
[Executing program $HOMEchapel/util/test/timers/highPrecisionTimer ./binarytrees5 --n=21 < /dev/null]
[Reporting processes with top 5 highest cpu usages]
USER         PID %CPU COMMAND
root         204  7.7 [irq/79-fusb303b_interrupt_int_n]
ubuntu    236072  200 ps ax -o user,pid,pcpu,command
ubuntu    234563  0.2 python3 $HOMEchapel/util/test/start_test.py --performance --numtrials 10 test/studies/shootout/submitted
ubuntu    234638  0.1 python3 $HOMEchapel/util/test/sub_test.py $HOMEchapel/bin/linux64-riscv64/chpl
root      234038  0.1 [kworker/u16:0-events_unbound]
[Elapsed execution time for "studies/shootout/submitted/binarytrees5" - 9.049 seconds]
[Executing $HOMEchapel/util/test/computePerfStats binarytrees5 $HOMEchapel/test/perfdat/clbg_comparison binarytrees5.perfkeys binarytrees5.exec.out.tmp False 07/28/26]
Using set date 07/28/26
Checking for /stretch tree of depth \d+\t check: 8388607/ on line 1...
SUCCESS
Checking for /long lived tree of depth \d+\t check: 4194303/ on any line...
SUCCESS
Looking for real...found it: 8.834
[Success matching performance keys for studies/shootout/submitted/binarytrees5]
[Executing program $HOMEchapel/util/test/timers/highPrecisionTimer ./binarytrees5 --n=21 < /dev/null]
[Reporting processes with top 5 highest cpu usages]
USER         PID %CPU COMMAND
root         204  7.7 [irq/79-fusb303b_interrupt_int_n]
ubuntu    234563  0.2 python3 $HOMEchapel/util/test/start_test.py --performance --numtrials 10 test/studies/shootout/submitted
ubuntu    234638  0.1 python3 $HOMEchapel/util/test/sub_test.py $HOMEchapel/bin/linux64-riscv64/chpl
root      234038  0.1 [kworker/u16:0-events_unbound]
root       80201  0.1 /usr/bin/es-bmcd
[Elapsed execution time for "studies/shootout/submitted/binarytrees5" - 9.037 seconds]
[Executing $HOMEchapel/util/test/computePerfStats binarytrees5 $HOMEchapel/test/perfdat/clbg_comparison binarytrees5.perfkeys binarytrees5.exec.out.tmp False 07/28/26]
Using set date 07/28/26
Checking for /stretch tree of depth \d+\t check: 8388607/ on line 1...
SUCCESS
Checking for /long lived tree of depth \d+\t check: 4194303/ on any line...
SUCCESS
Looking for real...found it: 8.827
[Success matching performance keys for studies/shootout/submitted/binarytrees5]
[Elapsed time to compile and execute all versions of "studies/shootout/submitted/binarytrees5" - 129.361 seconds]
[test: studies/shootout/submitted/fannkuchredux2.chpl]
[Executing compiler $HOMEchapel/bin/linux64-riscv64/chpl --fast --cc-warnings fannkuchredux2.chpl < /dev/null]
[Elapsed compilation time for "studies/shootout/submitted/fannkuchredux2" - 38.172 seconds]
[Success compiling studies/shootout/submitted/fannkuchredux2]
[Executing ./PREEXEC]
[Executing program $HOMEchapel/util/test/timers/highPrecisionTimer ./fannkuchredux2 --n=12 < /dev/null]
[Reporting processes with top 5 highest cpu usages]
USER         PID %CPU COMMAND
root         204  7.7 [irq/79-fusb303b_interrupt_int_n]
ubuntu    236289  200 ps ax -o user,pid,pcpu,command
ubuntu    234563  0.2 python3 $HOMEchapel/util/test/start_test.py --performance --numtrials 10 test/studies/shootout/submitted
root      234038  0.1 [kworker/u16:0-events_unbound]
root       80201  0.1 /usr/bin/es-bmcd
[Elapsed execution time for "studies/shootout/submitted/fannkuchredux2" - 19.249 seconds]
[Executing $HOMEchapel/util/test/computePerfStats fannkuch-redux-submitted $HOMEchapel/test/perfdat/clbg_comparison fannkuchredux2.perfkeys fannkuchredux2.exec.out.tmp False 07/28/26]
Using set date 07/28/26
Checking for /3968050/ on line 1...
SUCCESS
Checking for /Pfannkuchen\(12\) = 65/ on line 2...
SUCCESS
Looking for real...found it: 19.03
[Success matching performance keys for studies/shootout/submitted/fannkuchredux2]
[Executing program $HOMEchapel/util/test/timers/highPrecisionTimer ./fannkuchredux2 --n=12 < /dev/null]
[Reporting processes with top 5 highest cpu usages]
USER         PID %CPU COMMAND
root         204  7.7 [irq/79-fusb303b_interrupt_int_n]
ubuntu    236317  200 ps ax -o user,pid,pcpu,command
ubuntu    234563  0.2 python3 $HOMEchapel/util/test/start_test.py --performance --numtrials 10 test/studies/shootout/submitted
root      234038  0.1 [kworker/u16:0-events_unbound]
root       80201  0.1 /usr/bin/es-bmcd
[Elapsed execution time for "studies/shootout/submitted/fannkuchredux2" - 19.246 seconds]
[Executing $HOMEchapel/util/test/computePerfStats fannkuch-redux-submitted $HOMEchapel/test/perfdat/clbg_comparison fannkuchredux2.perfkeys fannkuchredux2.exec.out.tmp False 07/28/26]
Using set date 07/28/26
Checking for /3968050/ on line 1...
SUCCESS
Checking for /Pfannkuchen\(12\) = 65/ on line 2...
SUCCESS
Looking for real...found it: 19.04
[Success matching performance keys for studies/shootout/submitted/fannkuchredux2]
[Executing program $HOMEchapel/util/test/timers/highPrecisionTimer ./fannkuchredux2 --n=12 < /dev/null]
[Reporting processes with top 5 highest cpu usages]
USER         PID %CPU COMMAND
root         204  7.7 [irq/79-fusb303b_interrupt_int_n]
ubuntu    234563  0.2 python3 $HOMEchapel/util/test/start_test.py --performance --numtrials 10 test/studies/shootout/submitted
root      234038  0.1 [kworker/u16:0-kvfree_rcu_reclaim]
root       80201  0.1 /usr/bin/es-bmcd
ubuntu    236350  0.0 tail -n +2
[Elapsed execution time for "studies/shootout/submitted/fannkuchredux2" - 19.235 seconds]
[Executing $HOMEchapel/util/test/computePerfStats fannkuch-redux-submitted $HOMEchapel/test/perfdat/clbg_comparison fannkuchredux2.perfkeys fannkuchredux2.exec.out.tmp False 07/28/26]
Using set date 07/28/26
Checking for /3968050/ on line 1...
SUCCESS
Checking for /Pfannkuchen\(12\) = 65/ on line 2...
SUCCESS
Looking for real...found it: 19.03
[Success matching performance keys for studies/shootout/submitted/fannkuchredux2]
[Executing program $HOMEchapel/util/test/timers/highPrecisionTimer ./fannkuchredux2 --n=12 < /dev/null]
[Reporting processes with top 5 highest cpu usages]
USER         PID %CPU COMMAND
root         204  7.7 [irq/79-fusb303b_interrupt_int_n]
ubuntu    236381  200 ps ax -o user,pid,pcpu,command
ubuntu    234563  0.2 python3 $HOMEchapel/util/test/start_test.py --performance --numtrials 10 test/studies/shootout/submitted
root      234038  0.1 [kworker/u16:0-events_unbound]
root       80201  0.1 /usr/bin/es-bmcd
[Elapsed execution time for "studies/shootout/submitted/fannkuchredux2" - 19.273 seconds]
[Executing $HOMEchapel/util/test/computePerfStats fannkuch-redux-submitted $HOMEchapel/test/perfdat/clbg_comparison fannkuchredux2.perfkeys fannkuchredux2.exec.out.tmp False 07/28/26]
Using set date 07/28/26
Checking for /3968050/ on line 1...
SUCCESS
Checking for /Pfannkuchen\(12\) = 65/ on line 2...
SUCCESS
Looking for real...found it: 19.07
[Success matching performance keys for studies/shootout/submitted/fannkuchredux2]
[Executing program $HOMEchapel/util/test/timers/highPrecisionTimer ./fannkuchredux2 --n=12 < /dev/null]
[Reporting processes with top 5 highest cpu usages]
USER         PID %CPU COMMAND
root         204  7.7 [irq/79-fusb303b_interrupt_int_n]
ubuntu    236415  200 ps ax -o user,pid,pcpu,command
ubuntu    234563  0.2 python3 $HOMEchapel/util/test/start_test.py --performance --numtrials 10 test/studies/shootout/submitted
root      234038  0.1 [kworker/u16:0-events_unbound]
root       80201  0.1 /usr/bin/es-bmcd
[Elapsed execution time for "studies/shootout/submitted/fannkuchredux2" - 19.262 seconds]
[Executing $HOMEchapel/util/test/computePerfStats fannkuch-redux-submitted $HOMEchapel/test/perfdat/clbg_comparison fannkuchredux2.perfkeys fannkuchredux2.exec.out.tmp False 07/28/26]
Using set date 07/28/26
Checking for /3968050/ on line 1...
SUCCESS
Checking for /Pfannkuchen\(12\) = 65/ on line 2...
SUCCESS
Looking for real...found it: 19.05
[Success matching performance keys for studies/shootout/submitted/fannkuchredux2]
[Executing program $HOMEchapel/util/test/timers/highPrecisionTimer ./fannkuchredux2 --n=12 < /dev/null]
[Reporting processes with top 5 highest cpu usages]
USER         PID %CPU COMMAND
root         204  7.7 [irq/79-fusb303b_interrupt_int_n]
ubuntu    236447  200 ps ax -o user,pid,pcpu,command
ubuntu    234563  0.2 python3 $HOMEchapel/util/test/start_test.py --performance --numtrials 10 test/studies/shootout/submitted
root      234038  0.1 [kworker/u16:0-events_unbound]
root       80201  0.1 /usr/bin/es-bmcd
[Elapsed execution time for "studies/shootout/submitted/fannkuchredux2" - 19.232 seconds]
[Executing $HOMEchapel/util/test/computePerfStats fannkuch-redux-submitted $HOMEchapel/test/perfdat/clbg_comparison fannkuchredux2.perfkeys fannkuchredux2.exec.out.tmp False 07/28/26]
Using set date 07/28/26
Checking for /3968050/ on line 1...
SUCCESS
Checking for /Pfannkuchen\(12\) = 65/ on line 2...
SUCCESS
Looking for real...found it: 19.02
[Success matching performance keys for studies/shootout/submitted/fannkuchredux2]
[Executing program $HOMEchapel/util/test/timers/highPrecisionTimer ./fannkuchredux2 --n=12 < /dev/null]
[Reporting processes with top 5 highest cpu usages]
USER         PID %CPU COMMAND
root         204  7.7 [irq/79-fusb303b_interrupt_int_n]
ubuntu    234563  0.2 python3 $HOMEchapel/util/test/start_test.py --performance --numtrials 10 test/studies/shootout/submitted
root      234038  0.1 [kworker/u16:0-events_unbound]
root       80201  0.1 /usr/bin/es-bmcd
ubuntu    236480  0.0 tail -n +2
[Elapsed execution time for "studies/shootout/submitted/fannkuchredux2" - 19.224 seconds]
[Executing $HOMEchapel/util/test/computePerfStats fannkuch-redux-submitted $HOMEchapel/test/perfdat/clbg_comparison fannkuchredux2.perfkeys fannkuchredux2.exec.out.tmp False 07/28/26]
Using set date 07/28/26
Checking for /3968050/ on line 1...
SUCCESS
Checking for /Pfannkuchen\(12\) = 65/ on line 2...
SUCCESS
Looking for real...found it: 19.01
[Success matching performance keys for studies/shootout/submitted/fannkuchredux2]
[Executing program $HOMEchapel/util/test/timers/highPrecisionTimer ./fannkuchredux2 --n=12 < /dev/null]
[Reporting processes with top 5 highest cpu usages]
USER         PID %CPU COMMAND
root         204  7.7 [irq/79-fusb303b_interrupt_int_n]
ubuntu    236517  200 ps ax -o user,pid,pcpu,command
ubuntu    234563  0.2 python3 $HOMEchapel/util/test/start_test.py --performance --numtrials 10 test/studies/shootout/submitted
root      234038  0.1 [kworker/u16:0-events_unbound]
root       80201  0.1 /usr/bin/es-bmcd
[Elapsed execution time for "studies/shootout/submitted/fannkuchredux2" - 19.262 seconds]
[Executing $HOMEchapel/util/test/computePerfStats fannkuch-redux-submitted $HOMEchapel/test/perfdat/clbg_comparison fannkuchredux2.perfkeys fannkuchredux2.exec.out.tmp False 07/28/26]
Using set date 07/28/26
Checking for /3968050/ on line 1...
SUCCESS
Checking for /Pfannkuchen\(12\) = 65/ on line 2...
SUCCESS
Looking for real...found it: 19.04
[Success matching performance keys for studies/shootout/submitted/fannkuchredux2]
[Executing program $HOMEchapel/util/test/timers/highPrecisionTimer ./fannkuchredux2 --n=12 < /dev/null]
[Reporting processes with top 5 highest cpu usages]
USER         PID %CPU COMMAND
root         204  7.7 [irq/79-fusb303b_interrupt_int_n]
ubuntu    234563  0.1 python3 $HOMEchapel/util/test/start_test.py --performance --numtrials 10 test/studies/shootout/submitted
root      234038  0.1 [kworker/u16:0-events_unbound]
root       80201  0.1 /usr/bin/es-bmcd
ubuntu    236546  0.0 tail -n +2
[Elapsed execution time for "studies/shootout/submitted/fannkuchredux2" - 19.240 seconds]
[Executing $HOMEchapel/util/test/computePerfStats fannkuch-redux-submitted $HOMEchapel/test/perfdat/clbg_comparison fannkuchredux2.perfkeys fannkuchredux2.exec.out.tmp False 07/28/26]
Using set date 07/28/26
Checking for /3968050/ on line 1...
SUCCESS
Checking for /Pfannkuchen\(12\) = 65/ on line 2...
SUCCESS
Looking for real...found it: 19.03
[Success matching performance keys for studies/shootout/submitted/fannkuchredux2]
[Executing program $HOMEchapel/util/test/timers/highPrecisionTimer ./fannkuchredux2 --n=12 < /dev/null]
[Reporting processes with top 5 highest cpu usages]
USER         PID %CPU COMMAND
root         204  7.7 [irq/79-fusb303b_interrupt_int_n]
ubuntu    234563  0.1 python3 $HOMEchapel/util/test/start_test.py --performance --numtrials 10 test/studies/shootout/submitted
root      234038  0.1 [kworker/u16:0-events_unbound]
root       80201  0.1 /usr/bin/es-bmcd
ubuntu    236578  0.0 tail -n +2
[Elapsed execution time for "studies/shootout/submitted/fannkuchredux2" - 19.225 seconds]
[Executing $HOMEchapel/util/test/computePerfStats fannkuch-redux-submitted $HOMEchapel/test/perfdat/clbg_comparison fannkuchredux2.perfkeys fannkuchredux2.exec.out.tmp False 07/28/26]
Using set date 07/28/26
Checking for /3968050/ on line 1...
SUCCESS
Checking for /Pfannkuchen\(12\) = 65/ on line 2...
SUCCESS
Looking for real...found it: 19.01
[Success matching performance keys for studies/shootout/submitted/fannkuchredux2]
[Elapsed time to compile and execute all versions of "studies/shootout/submitted/fannkuchredux2" - 232.207 seconds]
[test: studies/shootout/submitted/fasta3.chpl]
[Executing compiler $HOMEchapel/bin/linux64-riscv64/chpl --fast --cc-warnings fasta3.chpl < /dev/null]
[Elapsed compilation time for "studies/shootout/submitted/fasta3" - 44.051 seconds]
[Success compiling studies/shootout/submitted/fasta3]
[Executing ./PREEXEC]
[Executing program $HOMEchapel/util/test/timers/highPrecisionTimer ./fasta3 --n=25000000 < /dev/null]
[Reporting processes with top 5 highest cpu usages]
USER         PID %CPU COMMAND
root         204  7.7 [irq/79-fusb303b_interrupt_int_n]
ubuntu    234638  0.2 python3 $HOMEchapel/util/test/sub_test.py $HOMEchapel/bin/linux64-riscv64/chpl
ubuntu    234563  0.1 python3 $HOMEchapel/util/test/start_test.py --performance --numtrials 10 test/studies/shootout/submitted
root      234038  0.1 [kworker/u16:0-events_unbound]
root       80201  0.1 /usr/bin/es-bmcd
[Elapsed execution time for "studies/shootout/submitted/fasta3" - 15.448 seconds]
[Executing $HOMEchapel/util/test/computePerfStats fasta-submitted $HOMEchapel/test/perfdat/clbg_comparison fasta3.perfkeys fasta3.exec.out.tmp False 07/28/26]
Using set date 07/28/26
Checking for /attcccctgtatcttaattc/ on line -4...
SUCCESS
Looking for real...found it: 14.58
[Success matching performance keys for studies/shootout/submitted/fasta3]
[Executing program $HOMEchapel/util/test/timers/highPrecisionTimer ./fasta3 --n=25000000 < /dev/null]
[Reporting processes with top 5 highest cpu usages]
USER         PID %CPU COMMAND
root         204  7.7 [irq/79-fusb303b_interrupt_int_n]
ubuntu    234638  1.7 python3 $HOMEchapel/util/test/sub_test.py $HOMEchapel/bin/linux64-riscv64/chpl
ubuntu    234563  0.1 python3 $HOMEchapel/util/test/start_test.py --performance --numtrials 10 test/studies/shootout/submitted
root      234038  0.1 [kworker/u16:0-kvfree_rcu_reclaim]
root       80201  0.1 /usr/bin/es-bmcd
[Elapsed execution time for "studies/shootout/submitted/fasta3" - 15.499 seconds]
[Executing $HOMEchapel/util/test/computePerfStats fasta-submitted $HOMEchapel/test/perfdat/clbg_comparison fasta3.perfkeys fasta3.exec.out.tmp False 07/28/26]
Using set date 07/28/26
Checking for /attcccctgtatcttaattc/ on line -4...
SUCCESS
Looking for real...found it: 14.59
[Success matching performance keys for studies/shootout/submitted/fasta3]
[Executing program $HOMEchapel/util/test/timers/highPrecisionTimer ./fasta3 --n=25000000 < /dev/null]
[Reporting processes with top 5 highest cpu usages]
USER         PID %CPU COMMAND
root         204  7.7 [irq/79-fusb303b_interrupt_int_n]
ubuntu    234638  3.1 python3 $HOMEchapel/util/test/sub_test.py $HOMEchapel/bin/linux64-riscv64/chpl
ubuntu    234563  0.1 python3 $HOMEchapel/util/test/start_test.py --performance --numtrials 10 test/studies/shootout/submitted
root      234038  0.1 [kworker/u16:0-events_unbound]
root       80201  0.1 /usr/bin/es-bmcd
[Elapsed execution time for "studies/shootout/submitted/fasta3" - 15.511 seconds]
[Executing $HOMEchapel/util/test/computePerfStats fasta-submitted $HOMEchapel/test/perfdat/clbg_comparison fasta3.perfkeys fasta3.exec.out.tmp False 07/28/26]
Using set date 07/28/26
Checking for /attcccctgtatcttaattc/ on line -4...
SUCCESS
Looking for real...found it: 14.59
[Success matching performance keys for studies/shootout/submitted/fasta3]
[Executing program $HOMEchapel/util/test/timers/highPrecisionTimer ./fasta3 --n=25000000 < /dev/null]
[Reporting processes with top 5 highest cpu usages]
USER         PID %CPU COMMAND
root         204  7.7 [irq/79-fusb303b_interrupt_int_n]
ubuntu    234638  4.4 python3 $HOMEchapel/util/test/sub_test.py $HOMEchapel/bin/linux64-riscv64/chpl
ubuntu    234563  0.1 python3 $HOMEchapel/util/test/start_test.py --performance --numtrials 10 test/studies/shootout/submitted
root      234038  0.1 [kworker/u16:0-events_unbound]
root       80201  0.1 /usr/bin/es-bmcd
[Elapsed execution time for "studies/shootout/submitted/fasta3" - 15.540 seconds]
[Executing $HOMEchapel/util/test/computePerfStats fasta-submitted $HOMEchapel/test/perfdat/clbg_comparison fasta3.perfkeys fasta3.exec.out.tmp False 07/28/26]
Using set date 07/28/26
Checking for /attcccctgtatcttaattc/ on line -4...
SUCCESS
Looking for real...found it: 14.62
[Success matching performance keys for studies/shootout/submitted/fasta3]
[Executing program $HOMEchapel/util/test/timers/highPrecisionTimer ./fasta3 --n=25000000 < /dev/null]
[Reporting processes with top 5 highest cpu usages]
USER         PID %CPU COMMAND
root         204  7.7 [irq/79-fusb303b_interrupt_int_n]
ubuntu    234638  5.5 python3 $HOMEchapel/util/test/sub_test.py $HOMEchapel/bin/linux64-riscv64/chpl
ubuntu    234563  0.1 python3 $HOMEchapel/util/test/start_test.py --performance --numtrials 10 test/studies/shootout/submitted
root      234038  0.1 [kworker/u16:0-flush-179:0]
root       80201  0.1 /usr/bin/es-bmcd
[Elapsed execution time for "studies/shootout/submitted/fasta3" - 15.533 seconds]
[Executing $HOMEchapel/util/test/computePerfStats fasta-submitted $HOMEchapel/test/perfdat/clbg_comparison fasta3.perfkeys fasta3.exec.out.tmp False 07/28/26]
Using set date 07/28/26
Checking for /attcccctgtatcttaattc/ on line -4...
SUCCESS
Looking for real...found it: 14.62
[Success matching performance keys for studies/shootout/submitted/fasta3]
[Executing program $HOMEchapel/util/test/timers/highPrecisionTimer ./fasta3 --n=25000000 < /dev/null]
[Reporting processes with top 5 highest cpu usages]
USER         PID %CPU COMMAND
root         204  7.7 [irq/79-fusb303b_interrupt_int_n]
ubuntu    234638  6.5 python3 $HOMEchapel/util/test/sub_test.py $HOMEchapel/bin/linux64-riscv64/chpl
ubuntu    234563  0.1 python3 $HOMEchapel/util/test/start_test.py --performance --numtrials 10 test/studies/shootout/submitted
root      234038  0.1 [kworker/u16:0-events_unbound]
root       80201  0.1 /usr/bin/es-bmcd
[Elapsed execution time for "studies/shootout/submitted/fasta3" - 15.532 seconds]
[Executing $HOMEchapel/util/test/computePerfStats fasta-submitted $HOMEchapel/test/perfdat/clbg_comparison fasta3.perfkeys fasta3.exec.out.tmp False 07/28/26]
Using set date 07/28/26
Checking for /attcccctgtatcttaattc/ on line -4...
SUCCESS
Looking for real...found it: 14.6
[Success matching performance keys for studies/shootout/submitted/fasta3]
[Executing program $HOMEchapel/util/test/timers/highPrecisionTimer ./fasta3 --n=25000000 < /dev/null]
[Reporting processes with top 5 highest cpu usages]
USER         PID %CPU COMMAND
root         204  7.7 [irq/79-fusb303b_interrupt_int_n]
ubuntu    234638  7.5 python3 $HOMEchapel/util/test/sub_test.py $HOMEchapel/bin/linux64-riscv64/chpl
ubuntu    237105  200 ps ax -o user,pid,pcpu,command
ubuntu    234563  0.1 python3 $HOMEchapel/util/test/start_test.py --performance --numtrials 10 test/studies/shootout/submitted
root      234038  0.1 [kworker/u16:0-flush-179:0]
[Elapsed execution time for "studies/shootout/submitted/fasta3" - 15.463 seconds]
[Executing $HOMEchapel/util/test/computePerfStats fasta-submitted $HOMEchapel/test/perfdat/clbg_comparison fasta3.perfkeys fasta3.exec.out.tmp False 07/28/26]
Using set date 07/28/26
Checking for /attcccctgtatcttaattc/ on line -4...
SUCCESS
Looking for real...found it: 14.59
[Success matching performance keys for studies/shootout/submitted/fasta3]
[Executing program $HOMEchapel/util/test/timers/highPrecisionTimer ./fasta3 --n=25000000 < /dev/null]
[Reporting processes with top 5 highest cpu usages]
USER         PID %CPU COMMAND
ubuntu    234638  8.3 python3 $HOMEchapel/util/test/sub_test.py $HOMEchapel/bin/linux64-riscv64/chpl
root         204  7.7 [irq/79-fusb303b_interrupt_int_n]
ubuntu    234563  0.1 python3 $HOMEchapel/util/test/start_test.py --performance --numtrials 10 test/studies/shootout/submitted
root      234038  0.1 [kworker/u16:0-events_unbound]
root       80201  0.1 /usr/bin/es-bmcd
[Elapsed execution time for "studies/shootout/submitted/fasta3" - 15.549 seconds]
[Executing $HOMEchapel/util/test/computePerfStats fasta-submitted $HOMEchapel/test/perfdat/clbg_comparison fasta3.perfkeys fasta3.exec.out.tmp False 07/28/26]
Using set date 07/28/26
Checking for /attcccctgtatcttaattc/ on line -4...
SUCCESS
Looking for real...found it: 14.6
[Success matching performance keys for studies/shootout/submitted/fasta3]
[Executing program $HOMEchapel/util/test/timers/highPrecisionTimer ./fasta3 --n=25000000 < /dev/null]
[Reporting processes with top 5 highest cpu usages]
USER         PID %CPU COMMAND
ubuntu    234638  9.1 python3 $HOMEchapel/util/test/sub_test.py $HOMEchapel/bin/linux64-riscv64/chpl
root         204  7.7 [irq/79-fusb303b_interrupt_int_n]
ubuntu    234563  0.1 python3 $HOMEchapel/util/test/start_test.py --performance --numtrials 10 test/studies/shootout/submitted
root      234038  0.1 [kworker/u16:0-flush-179:0]
root       80201  0.1 /usr/bin/es-bmcd
[Elapsed execution time for "studies/shootout/submitted/fasta3" - 15.469 seconds]
[Executing $HOMEchapel/util/test/computePerfStats fasta-submitted $HOMEchapel/test/perfdat/clbg_comparison fasta3.perfkeys fasta3.exec.out.tmp False 07/28/26]
Using set date 07/28/26
Checking for /attcccctgtatcttaattc/ on line -4...
SUCCESS
Looking for real...found it: 14.6
[Success matching performance keys for studies/shootout/submitted/fasta3]
[Executing program $HOMEchapel/util/test/timers/highPrecisionTimer ./fasta3 --n=25000000 < /dev/null]
[Reporting processes with top 5 highest cpu usages]
USER         PID %CPU COMMAND
ubuntu    234638  9.8 python3 $HOMEchapel/util/test/sub_test.py $HOMEchapel/bin/linux64-riscv64/chpl
root         204  7.7 [irq/79-fusb303b_interrupt_int_n]
ubuntu    234563  0.1 python3 $HOMEchapel/util/test/start_test.py --performance --numtrials 10 test/studies/shootout/submitted
root      234038  0.1 [kworker/u16:0-kvfree_rcu_reclaim]
root       80201  0.1 /usr/bin/es-bmcd
[Elapsed execution time for "studies/shootout/submitted/fasta3" - 15.490 seconds]
[Executing $HOMEchapel/util/test/computePerfStats fasta-submitted $HOMEchapel/test/perfdat/clbg_comparison fasta3.perfkeys fasta3.exec.out.tmp False 07/28/26]
Using set date 07/28/26
Checking for /attcccctgtatcttaattc/ on line -4...
SUCCESS
Looking for real...found it: 14.6
[Success matching performance keys for studies/shootout/submitted/fasta3]
[Elapsed time to compile and execute all versions of "studies/shootout/submitted/fasta3" - 522.558 seconds]
[test: studies/shootout/submitted/fasta5.chpl]
[Executing compiler $HOMEchapel/bin/linux64-riscv64/chpl --fast --cc-warnings fasta5.chpl < /dev/null]
[Elapsed compilation time for "studies/shootout/submitted/fasta5" - 44.708 seconds]
[Success compiling studies/shootout/submitted/fasta5]
[Executing ./PREEXEC]
[Executing program $HOMEchapel/util/test/timers/highPrecisionTimer ./fasta5 --n=25000000 < /dev/null]
[Reporting processes with top 5 highest cpu usages]
USER         PID %CPU COMMAND
ubuntu    234638 10.3 python3 $HOMEchapel/util/test/sub_test.py $HOMEchapel/bin/linux64-riscv64/chpl
root         204  7.6 [irq/79-fusb303b_interrupt_int_n]
ubuntu    234563  0.1 python3 $HOMEchapel/util/test/start_test.py --performance --numtrials 10 test/studies/shootout/submitted
root      234038  0.1 [kworker/u16:0-flush-179:0]
root       80201  0.1 /usr/bin/es-bmcd
[Elapsed execution time for "studies/shootout/submitted/fasta5" - 3.935 seconds]
[Executing $HOMEchapel/util/test/computePerfStats fasta2 $HOMEchapel/test/perfdat/clbg_comparison fasta5.perfkeys fasta5.exec.out.tmp False 07/28/26]
Using set date 07/28/26
Checking for /attcccctgtatcttaattc/ on line -4...
SUCCESS
Looking for real...found it: 3.014
[Success matching performance keys for studies/shootout/submitted/fasta5]
[Executing program $HOMEchapel/util/test/timers/highPrecisionTimer ./fasta5 --n=25000000 < /dev/null]
[Reporting processes with top 5 highest cpu usages]
USER         PID %CPU COMMAND
ubuntu    234638 11.0 python3 $HOMEchapel/util/test/sub_test.py $HOMEchapel/bin/linux64-riscv64/chpl
root         204  7.6 [irq/79-fusb303b_interrupt_int_n]
ubuntu    234563  0.1 python3 $HOMEchapel/util/test/start_test.py --performance --numtrials 10 test/studies/shootout/submitted
root      234038  0.1 [kworker/u16:0-events_unbound]
root       80201  0.1 /usr/bin/es-bmcd
[Elapsed execution time for "studies/shootout/submitted/fasta5" - 4.007 seconds]
[Executing $HOMEchapel/util/test/computePerfStats fasta2 $HOMEchapel/test/perfdat/clbg_comparison fasta5.perfkeys fasta5.exec.out.tmp False 07/28/26]
Using set date 07/28/26
Checking for /attcccctgtatcttaattc/ on line -4...
SUCCESS
Looking for real...found it: 3.06
[Success matching performance keys for studies/shootout/submitted/fasta5]
[Executing program $HOMEchapel/util/test/timers/highPrecisionTimer ./fasta5 --n=25000000 < /dev/null]
[Reporting processes with top 5 highest cpu usages]
USER         PID %CPU COMMAND
ubuntu    234638 11.7 python3 $HOMEchapel/util/test/sub_test.py $HOMEchapel/bin/linux64-riscv64/chpl
root         204  7.6 [irq/79-fusb303b_interrupt_int_n]
ubuntu    234563  0.1 python3 $HOMEchapel/util/test/start_test.py --performance --numtrials 10 test/studies/shootout/submitted
root      234038  0.1 [kworker/u16:0-events_unbound]
root       80201  0.1 /usr/bin/es-bmcd
[Elapsed execution time for "studies/shootout/submitted/fasta5" - 3.986 seconds]
[Executing $HOMEchapel/util/test/computePerfStats fasta2 $HOMEchapel/test/perfdat/clbg_comparison fasta5.perfkeys fasta5.exec.out.tmp False 07/28/26]
Using set date 07/28/26
Checking for /attcccctgtatcttaattc/ on line -4...
SUCCESS
Looking for real...found it: 3.063
[Success matching performance keys for studies/shootout/submitted/fasta5]
[Executing program $HOMEchapel/util/test/timers/highPrecisionTimer ./fasta5 --n=25000000 < /dev/null]
[Reporting processes with top 5 highest cpu usages]
USER         PID %CPU COMMAND
ubuntu    234638 12.4 python3 $HOMEchapel/util/test/sub_test.py $HOMEchapel/bin/linux64-riscv64/chpl
root         204  7.6 [irq/79-fusb303b_interrupt_int_n]
ubuntu    234563  0.1 python3 $HOMEchapel/util/test/start_test.py --performance --numtrials 10 test/studies/shootout/submitted
root      234038  0.1 [kworker/u16:0-events_unbound]
root       80201  0.1 /usr/bin/es-bmcd
[Elapsed execution time for "studies/shootout/submitted/fasta5" - 3.995 seconds]
[Executing $HOMEchapel/util/test/computePerfStats fasta2 $HOMEchapel/test/perfdat/clbg_comparison fasta5.perfkeys fasta5.exec.out.tmp False 07/28/26]
Using set date 07/28/26
Checking for /attcccctgtatcttaattc/ on line -4...
SUCCESS
Looking for real...found it: 3.074
[Success matching performance keys for studies/shootout/submitted/fasta5]
[Executing program $HOMEchapel/util/test/timers/highPrecisionTimer ./fasta5 --n=25000000 < /dev/null]
[Reporting processes with top 5 highest cpu usages]
USER         PID %CPU COMMAND
ubuntu    234638 13.1 python3 $HOMEchapel/util/test/sub_test.py $HOMEchapel/bin/linux64-riscv64/chpl
root         204  7.6 [irq/79-fusb303b_interrupt_int_n]
ubuntu    234563  0.1 python3 $HOMEchapel/util/test/start_test.py --performance --numtrials 10 test/studies/shootout/submitted
root      234038  0.1 [kworker/u16:0-ext4-rsv-conversion]
root       80201  0.1 /usr/bin/es-bmcd
[Elapsed execution time for "studies/shootout/submitted/fasta5" - 3.924 seconds]
[Executing $HOMEchapel/util/test/computePerfStats fasta2 $HOMEchapel/test/perfdat/clbg_comparison fasta5.perfkeys fasta5.exec.out.tmp False 07/28/26]
Using set date 07/28/26
Checking for /attcccctgtatcttaattc/ on line -4...
SUCCESS
Looking for real...found it: 3.037
[Success matching performance keys for studies/shootout/submitted/fasta5]
[Executing program $HOMEchapel/util/test/timers/highPrecisionTimer ./fasta5 --n=25000000 < /dev/null]
[Reporting processes with top 5 highest cpu usages]
USER         PID %CPU COMMAND
ubuntu    234638 13.6 python3 $HOMEchapel/util/test/sub_test.py $HOMEchapel/bin/linux64-riscv64/chpl
root         204  7.6 [irq/79-fusb303b_interrupt_int_n]
ubuntu    234563  0.1 python3 $HOMEchapel/util/test/start_test.py --performance --numtrials 10 test/studies/shootout/submitted
root      234038  0.1 [kworker/u16:0-kvfree_rcu_reclaim]
root       80201  0.1 /usr/bin/es-bmcd
[Elapsed execution time for "studies/shootout/submitted/fasta5" - 3.994 seconds]
[Executing $HOMEchapel/util/test/computePerfStats fasta2 $HOMEchapel/test/perfdat/clbg_comparison fasta5.perfkeys fasta5.exec.out.tmp False 07/28/26]
Using set date 07/28/26
Checking for /attcccctgtatcttaattc/ on line -4...
SUCCESS
Looking for real...found it: 3.054
[Success matching performance keys for studies/shootout/submitted/fasta5]
[Executing program $HOMEchapel/util/test/timers/highPrecisionTimer ./fasta5 --n=25000000 < /dev/null]
[Reporting processes with top 5 highest cpu usages]
USER         PID %CPU COMMAND
ubuntu    234638 14.2 python3 $HOMEchapel/util/test/sub_test.py $HOMEchapel/bin/linux64-riscv64/chpl
root         204  7.6 [irq/79-fusb303b_interrupt_int_n]
ubuntu    234563  0.1 python3 $HOMEchapel/util/test/start_test.py --performance --numtrials 10 test/studies/shootout/submitted
root      234038  0.1 [kworker/u16:0-flush-179:0]
root       80201  0.1 /usr/bin/es-bmcd
[Elapsed execution time for "studies/shootout/submitted/fasta5" - 3.905 seconds]
[Executing $HOMEchapel/util/test/computePerfStats fasta2 $HOMEchapel/test/perfdat/clbg_comparison fasta5.perfkeys fasta5.exec.out.tmp False 07/28/26]
Using set date 07/28/26
Checking for /attcccctgtatcttaattc/ on line -4...
SUCCESS
Looking for real...found it: 3.019
[Success matching performance keys for studies/shootout/submitted/fasta5]
[Executing program $HOMEchapel/util/test/timers/highPrecisionTimer ./fasta5 --n=25000000 < /dev/null]
[Reporting processes with top 5 highest cpu usages]
USER         PID %CPU COMMAND
ubuntu    234638 14.7 python3 $HOMEchapel/util/test/sub_test.py $HOMEchapel/bin/linux64-riscv64/chpl
root         204  7.6 [irq/79-fusb303b_interrupt_int_n]
ubuntu    237800  200 ps ax -o user,pid,pcpu,command
root      234038  0.1 [kworker/u16:0-kvfree_rcu_reclaim]
root       80201  0.1 /usr/bin/es-bmcd
[Elapsed execution time for "studies/shootout/submitted/fasta5" - 3.870 seconds]
[Executing $HOMEchapel/util/test/computePerfStats fasta2 $HOMEchapel/test/perfdat/clbg_comparison fasta5.perfkeys fasta5.exec.out.tmp False 07/28/26]
Using set date 07/28/26
Checking for /attcccctgtatcttaattc/ on line -4...
SUCCESS
Looking for real...found it: 2.987
[Success matching performance keys for studies/shootout/submitted/fasta5]
[Executing program $HOMEchapel/util/test/timers/highPrecisionTimer ./fasta5 --n=25000000 < /dev/null]
[Reporting processes with top 5 highest cpu usages]
USER         PID %CPU COMMAND
ubuntu    234638 15.2 python3 $HOMEchapel/util/test/sub_test.py $HOMEchapel/bin/linux64-riscv64/chpl
root         204  7.6 [irq/79-fusb303b_interrupt_int_n]
ubuntu    237849  200 ps ax -o user,pid,pcpu,command
root       80201  0.1 /usr/bin/es-bmcd
ubuntu    237850  0.0 tail -n +2
[Elapsed execution time for "studies/shootout/submitted/fasta5" - 3.924 seconds]
[Executing $HOMEchapel/util/test/computePerfStats fasta2 $HOMEchapel/test/perfdat/clbg_comparison fasta5.perfkeys fasta5.exec.out.tmp False 07/28/26]
Using set date 07/28/26
Checking for /attcccctgtatcttaattc/ on line -4...
SUCCESS
Looking for real...found it: 2.988
[Success matching performance keys for studies/shootout/submitted/fasta5]
[Executing program $HOMEchapel/util/test/timers/highPrecisionTimer ./fasta5 --n=25000000 < /dev/null]
[Reporting processes with top 5 highest cpu usages]
USER         PID %CPU COMMAND
ubuntu    234638 15.7 python3 $HOMEchapel/util/test/sub_test.py $HOMEchapel/bin/linux64-riscv64/chpl
root         204  7.6 [irq/79-fusb303b_interrupt_int_n]
ubuntu    237897  200 ps ax -o user,pid,pcpu,command
root       80201  0.1 /usr/bin/es-bmcd
ubuntu    237898  0.0 tail -n +2
[Elapsed execution time for "studies/shootout/submitted/fasta5" - 3.856 seconds]
[Executing $HOMEchapel/util/test/computePerfStats fasta2 $HOMEchapel/test/perfdat/clbg_comparison fasta5.perfkeys fasta5.exec.out.tmp False 07/28/26]
Using set date 07/28/26
Checking for /attcccctgtatcttaattc/ on line -4...
SUCCESS
Looking for real...found it: 2.974
[Success matching performance keys for studies/shootout/submitted/fasta5]
[Elapsed time to compile and execute all versions of "studies/shootout/submitted/fasta5" - 410.551 seconds]
[test: studies/shootout/submitted/fasta6.chpl]
[Executing compiler $HOMEchapel/bin/linux64-riscv64/chpl --fast --cc-warnings fasta6.chpl < /dev/null]
[Elapsed compilation time for "studies/shootout/submitted/fasta6" - 39.466 seconds]
[Success compiling studies/shootout/submitted/fasta6]
[Executing ./PREEXEC]
[Executing program $HOMEchapel/util/test/timers/highPrecisionTimer ./fasta6 --n=25000000 < /dev/null]
[Reporting processes with top 5 highest cpu usages]
USER         PID %CPU COMMAND
ubuntu    234638 15.8 python3 $HOMEchapel/util/test/sub_test.py $HOMEchapel/bin/linux64-riscv64/chpl
root         204  7.6 [irq/79-fusb303b_interrupt_int_n]
root       80201  0.1 /usr/bin/es-bmcd
ubuntu    238102  0.0 tail -n +2
ubuntu    119442  0.0 sshd: ubuntu@pts/1
[Elapsed execution time for "studies/shootout/submitted/fasta6" - 3.136 seconds]
[Executing $HOMEchapel/util/test/computePerfStats fasta6 $HOMEchapel/test/perfdat/clbg_comparison fasta6.perfkeys fasta6.exec.out.tmp False 07/28/26]
Using set date 07/28/26
Checking for /attcccctgtatcttaattc/ on line -4...
SUCCESS
Looking for real...found it: 2.262
[Success matching performance keys for studies/shootout/submitted/fasta6]
[Executing program $HOMEchapel/util/test/timers/highPrecisionTimer ./fasta6 --n=25000000 < /dev/null]
[Reporting processes with top 5 highest cpu usages]
USER         PID %CPU COMMAND
ubuntu    234638 16.3 python3 $HOMEchapel/util/test/sub_test.py $HOMEchapel/bin/linux64-riscv64/chpl
root         204  7.6 [irq/79-fusb303b_interrupt_int_n]
root       80201  0.1 /usr/bin/es-bmcd
ubuntu    238147  0.0 tail -n +2
ubuntu    119442  0.0 sshd: ubuntu@pts/1
[Elapsed execution time for "studies/shootout/submitted/fasta6" - 3.110 seconds]
[Executing $HOMEchapel/util/test/computePerfStats fasta6 $HOMEchapel/test/perfdat/clbg_comparison fasta6.perfkeys fasta6.exec.out.tmp False 07/28/26]
Using set date 07/28/26
Checking for /attcccctgtatcttaattc/ on line -4...
SUCCESS
Looking for real...found it: 2.256
[Success matching performance keys for studies/shootout/submitted/fasta6]
[Executing program $HOMEchapel/util/test/timers/highPrecisionTimer ./fasta6 --n=25000000 < /dev/null]
[Reporting processes with top 5 highest cpu usages]
USER         PID %CPU COMMAND
ubuntu    234638 16.7 python3 $HOMEchapel/util/test/sub_test.py $HOMEchapel/bin/linux64-riscv64/chpl
root         204  7.6 [irq/79-fusb303b_interrupt_int_n]
ubuntu    238191  200 ps ax -o user,pid,pcpu,command
root       80201  0.1 /usr/bin/es-bmcd
ubuntu    238192  0.0 tail -n +2
[Elapsed execution time for "studies/shootout/submitted/fasta6" - 3.128 seconds]
[Executing $HOMEchapel/util/test/computePerfStats fasta6 $HOMEchapel/test/perfdat/clbg_comparison fasta6.perfkeys fasta6.exec.out.tmp False 07/28/26]
Using set date 07/28/26
Checking for /attcccctgtatcttaattc/ on line -4...
SUCCESS
Looking for real...found it: 2.263
[Success matching performance keys for studies/shootout/submitted/fasta6]
[Executing program $HOMEchapel/util/test/timers/highPrecisionTimer ./fasta6 --n=25000000 < /dev/null]
[Reporting processes with top 5 highest cpu usages]
USER         PID %CPU COMMAND
ubuntu    234638 17.1 python3 $HOMEchapel/util/test/sub_test.py $HOMEchapel/bin/linux64-riscv64/chpl
root         204  7.6 [irq/79-fusb303b_interrupt_int_n]
ubuntu    238235  200 ps ax -o user,pid,pcpu,command
root       80201  0.1 /usr/bin/es-bmcd
ubuntu    238236  0.0 tail -n +2
[Elapsed execution time for "studies/shootout/submitted/fasta6" - 3.166 seconds]
[Executing $HOMEchapel/util/test/computePerfStats fasta6 $HOMEchapel/test/perfdat/clbg_comparison fasta6.perfkeys fasta6.exec.out.tmp False 07/28/26]
Using set date 07/28/26
Checking for /attcccctgtatcttaattc/ on line -4...
SUCCESS
Looking for real...found it: 2.26
[Success matching performance keys for studies/shootout/submitted/fasta6]
[Executing program $HOMEchapel/util/test/timers/highPrecisionTimer ./fasta6 --n=25000000 < /dev/null]
[Reporting processes with top 5 highest cpu usages]
USER         PID %CPU COMMAND
ubuntu    234638 17.5 python3 $HOMEchapel/util/test/sub_test.py $HOMEchapel/bin/linux64-riscv64/chpl
root         204  7.6 [irq/79-fusb303b_interrupt_int_n]
root       80201  0.1 /usr/bin/es-bmcd
ubuntu    238280  0.0 tail -n +2
ubuntu    119442  0.0 sshd: ubuntu@pts/1
[Elapsed execution time for "studies/shootout/submitted/fasta6" - 3.135 seconds]
[Executing $HOMEchapel/util/test/computePerfStats fasta6 $HOMEchapel/test/perfdat/clbg_comparison fasta6.perfkeys fasta6.exec.out.tmp False 07/28/26]
Using set date 07/28/26
Checking for /attcccctgtatcttaattc/ on line -4...
SUCCESS
Looking for real...found it: 2.262
[Success matching performance keys for studies/shootout/submitted/fasta6]
[Executing program $HOMEchapel/util/test/timers/highPrecisionTimer ./fasta6 --n=25000000 < /dev/null]
[Reporting processes with top 5 highest cpu usages]
USER         PID %CPU COMMAND
ubuntu    234638 17.9 python3 $HOMEchapel/util/test/sub_test.py $HOMEchapel/bin/linux64-riscv64/chpl
root         204  7.6 [irq/79-fusb303b_interrupt_int_n]
ubuntu    238323  200 ps ax -o user,pid,pcpu,command
root       80201  0.1 /usr/bin/es-bmcd
ubuntu    238324  0.0 tail -n +2
[Elapsed execution time for "studies/shootout/submitted/fasta6" - 3.113 seconds]
[Executing $HOMEchapel/util/test/computePerfStats fasta6 $HOMEchapel/test/perfdat/clbg_comparison fasta6.perfkeys fasta6.exec.out.tmp False 07/28/26]
Using set date 07/28/26
Checking for /attcccctgtatcttaattc/ on line -4...
SUCCESS
Looking for real...found it: 2.259
[Success matching performance keys for studies/shootout/submitted/fasta6]
[Executing program $HOMEchapel/util/test/timers/highPrecisionTimer ./fasta6 --n=25000000 < /dev/null]
[Reporting processes with top 5 highest cpu usages]
USER         PID %CPU COMMAND
ubuntu    234638 18.3 python3 $HOMEchapel/util/test/sub_test.py $HOMEchapel/bin/linux64-riscv64/chpl
root         204  7.6 [irq/79-fusb303b_interrupt_int_n]
ubuntu    238374  200 ps ax -o user,pid,pcpu,command
root       80201  0.1 /usr/bin/es-bmcd
ubuntu    238375  0.0 tail -n +2
[Elapsed execution time for "studies/shootout/submitted/fasta6" - 3.138 seconds]
[Executing $HOMEchapel/util/test/computePerfStats fasta6 $HOMEchapel/test/perfdat/clbg_comparison fasta6.perfkeys fasta6.exec.out.tmp False 07/28/26]
Using set date 07/28/26
Checking for /attcccctgtatcttaattc/ on line -4...
SUCCESS
Looking for real...found it: 2.261
[Success matching performance keys for studies/shootout/submitted/fasta6]
[Executing program $HOMEchapel/util/test/timers/highPrecisionTimer ./fasta6 --n=25000000 < /dev/null]
[Reporting processes with top 5 highest cpu usages]
USER         PID %CPU COMMAND
ubuntu    234638 18.6 python3 $HOMEchapel/util/test/sub_test.py $HOMEchapel/bin/linux64-riscv64/chpl
root         204  7.6 [irq/79-fusb303b_interrupt_int_n]
ubuntu    238422  200 ps ax -o user,pid,pcpu,command
root       80201  0.1 /usr/bin/es-bmcd
ubuntu    238423  0.0 tail -n +2
[Elapsed execution time for "studies/shootout/submitted/fasta6" - 3.147 seconds]
[Executing $HOMEchapel/util/test/computePerfStats fasta6 $HOMEchapel/test/perfdat/clbg_comparison fasta6.perfkeys fasta6.exec.out.tmp False 07/28/26]
Using set date 07/28/26
Checking for /attcccctgtatcttaattc/ on line -4...
SUCCESS
Looking for real...found it: 2.262
[Success matching performance keys for studies/shootout/submitted/fasta6]
[Executing program $HOMEchapel/util/test/timers/highPrecisionTimer ./fasta6 --n=25000000 < /dev/null]
[Reporting processes with top 5 highest cpu usages]
USER         PID %CPU COMMAND
ubuntu    234638 19.0 python3 $HOMEchapel/util/test/sub_test.py $HOMEchapel/bin/linux64-riscv64/chpl
root         204  7.6 [irq/79-fusb303b_interrupt_int_n]
root       80201  0.1 /usr/bin/es-bmcd
ubuntu    238467  0.0 tail -n +2
ubuntu    119442  0.0 sshd: ubuntu@pts/1
[Elapsed execution time for "studies/shootout/submitted/fasta6" - 3.143 seconds]
[Executing $HOMEchapel/util/test/computePerfStats fasta6 $HOMEchapel/test/perfdat/clbg_comparison fasta6.perfkeys fasta6.exec.out.tmp False 07/28/26]
Using set date 07/28/26
Checking for /attcccctgtatcttaattc/ on line -4...
SUCCESS
Looking for real...found it: 2.262
[Success matching performance keys for studies/shootout/submitted/fasta6]
[Executing program $HOMEchapel/util/test/timers/highPrecisionTimer ./fasta6 --n=25000000 < /dev/null]
[Reporting processes with top 5 highest cpu usages]
USER         PID %CPU COMMAND
ubuntu    234638 19.3 python3 $HOMEchapel/util/test/sub_test.py $HOMEchapel/bin/linux64-riscv64/chpl
root         204  7.6 [irq/79-fusb303b_interrupt_int_n]
ubuntu    238510  200 ps ax -o user,pid,pcpu,command
root       80201  0.1 /usr/bin/es-bmcd
ubuntu    238511  0.0 tail -n +2
[Elapsed execution time for "studies/shootout/submitted/fasta6" - 3.124 seconds]
[Executing $HOMEchapel/util/test/computePerfStats fasta6 $HOMEchapel/test/perfdat/clbg_comparison fasta6.perfkeys fasta6.exec.out.tmp False 07/28/26]
Using set date 07/28/26
Checking for /attcccctgtatcttaattc/ on line -4...
SUCCESS
Looking for real...found it: 2.259
[Success matching performance keys for studies/shootout/submitted/fasta6]
[Elapsed time to compile and execute all versions of "studies/shootout/submitted/fasta6" - 395.026 seconds]
[test: studies/shootout/submitted/knucleotide3.chpl]
[Checking suppressif: knucleotide3.suppressif]
[Executing compiler $HOMEchapel/bin/linux64-riscv64/chpl --fast --cc-warnings knucleotide3.chpl < /dev/null]
[Elapsed compilation time for "studies/shootout/submitted/knucleotide3" - 64.816 seconds]
[Success compiling studies/shootout/submitted/knucleotide3]
[Executing ./PREEXEC]
[Executing program $HOMEchapel/util/test/timers/highPrecisionTimer ./knucleotide3 --n=0 < /tmp/chplTestTmpDir.hbo_es8c/fasta.knucl]
[Reporting processes with top 5 highest cpu usages]
USER         PID %CPU COMMAND
ubuntu    234638 18.8 python3 $HOMEchapel/util/test/sub_test.py $HOMEchapel/bin/linux64-riscv64/chpl
root         204  7.6 [irq/79-fusb303b_interrupt_int_n]
root       80201  0.1 /usr/bin/es-bmcd
ubuntu    238821  0.0 tail -n +2
ubuntu    119442  0.0 sshd: ubuntu@pts/1
[Elapsed execution time for "studies/shootout/submitted/knucleotide3" - 25.765 seconds]
[Executing $HOMEchapel/util/test/computePerfStats knucleotide-submitted $HOMEchapel/test/perfdat/clbg_comparison knucleotide3.perfkeys knucleotide3.exec.out.tmp False 07/28/26]
Using set date 07/28/26
Checking for /GG 3.902/ on line -10...
SUCCESS
Checking for /893	GGTATTTTAATTTATAGT/ on line -4...
SUCCESS
Looking for real...found it: 25.55
[Success matching performance keys for studies/shootout/submitted/knucleotide3]
[Executing program $HOMEchapel/util/test/timers/highPrecisionTimer ./knucleotide3 --n=0 < /tmp/chplTestTmpDir.hbo_es8c/fasta.knucl]
[Reporting processes with top 5 highest cpu usages]
USER         PID %CPU COMMAND
ubuntu    234638 18.6 python3 $HOMEchapel/util/test/sub_test.py $HOMEchapel/bin/linux64-riscv64/chpl
root         204  7.6 [irq/79-fusb303b_interrupt_int_n]
ubuntu    238859  200 ps ax -o user,pid,pcpu,command
root       80201  0.1 /usr/bin/es-bmcd
ubuntu    238860  0.0 tail -n +2
[Elapsed execution time for "studies/shootout/submitted/knucleotide3" - 25.782 seconds]
[Executing $HOMEchapel/util/test/computePerfStats knucleotide-submitted $HOMEchapel/test/perfdat/clbg_comparison knucleotide3.perfkeys knucleotide3.exec.out.tmp False 07/28/26]
Using set date 07/28/26
Checking for /GG 3.902/ on line -10...
SUCCESS
Checking for /893	GGTATTTTAATTTATAGT/ on line -4...
SUCCESS
Looking for real...found it: 25.57
[Success matching performance keys for studies/shootout/submitted/knucleotide3]
[Executing program $HOMEchapel/util/test/timers/highPrecisionTimer ./knucleotide3 --n=0 < /tmp/chplTestTmpDir.hbo_es8c/fasta.knucl]
[Reporting processes with top 5 highest cpu usages]
USER         PID %CPU COMMAND
ubuntu    234638 18.4 python3 $HOMEchapel/util/test/sub_test.py $HOMEchapel/bin/linux64-riscv64/chpl
root         204  7.6 [irq/79-fusb303b_interrupt_int_n]
root       80201  0.1 /usr/bin/es-bmcd
ubuntu    238897  0.0 tail -n +2
ubuntu    119442  0.0 sshd: ubuntu@pts/1
[Elapsed execution time for "studies/shootout/submitted/knucleotide3" - 25.704 seconds]
[Executing $HOMEchapel/util/test/computePerfStats knucleotide-submitted $HOMEchapel/test/perfdat/clbg_comparison knucleotide3.perfkeys knucleotide3.exec.out.tmp False 07/28/26]
Using set date 07/28/26
Checking for /GG 3.902/ on line -10...
SUCCESS
Checking for /893	GGTATTTTAATTTATAGT/ on line -4...
SUCCESS
Looking for real...found it: 25.49
[Success matching performance keys for studies/shootout/submitted/knucleotide3]
[Executing program $HOMEchapel/util/test/timers/highPrecisionTimer ./knucleotide3 --n=0 < /tmp/chplTestTmpDir.hbo_es8c/fasta.knucl]
[Reporting processes with top 5 highest cpu usages]
USER         PID %CPU COMMAND
ubuntu    234638 18.1 python3 $HOMEchapel/util/test/sub_test.py $HOMEchapel/bin/linux64-riscv64/chpl
root         204  7.6 [irq/79-fusb303b_interrupt_int_n]
ubuntu    238937  200 ps ax -o user,pid,pcpu,command
root       80201  0.1 /usr/bin/es-bmcd
ubuntu    238938  0.0 tail -n +2
[Elapsed execution time for "studies/shootout/submitted/knucleotide3" - 25.708 seconds]
[Executing $HOMEchapel/util/test/computePerfStats knucleotide-submitted $HOMEchapel/test/perfdat/clbg_comparison knucleotide3.perfkeys knucleotide3.exec.out.tmp False 07/28/26]
Using set date 07/28/26
Checking for /GG 3.902/ on line -10...
SUCCESS
Checking for /893	GGTATTTTAATTTATAGT/ on line -4...
SUCCESS
Looking for real...found it: 25.5
[Success matching performance keys for studies/shootout/submitted/knucleotide3]
[Executing program $HOMEchapel/util/test/timers/highPrecisionTimer ./knucleotide3 --n=0 < /tmp/chplTestTmpDir.hbo_es8c/fasta.knucl]
[Reporting processes with top 5 highest cpu usages]
USER         PID %CPU COMMAND
ubuntu    234638 17.9 python3 $HOMEchapel/util/test/sub_test.py $HOMEchapel/bin/linux64-riscv64/chpl
root         204  7.6 [irq/79-fusb303b_interrupt_int_n]
ubuntu    238973  200 ps ax -o user,pid,pcpu,command
root       80201  0.1 /usr/bin/es-bmcd
ubuntu    238974  0.0 tail -n +2
[Elapsed execution time for "studies/shootout/submitted/knucleotide3" - 25.714 seconds]
[Executing $HOMEchapel/util/test/computePerfStats knucleotide-submitted $HOMEchapel/test/perfdat/clbg_comparison knucleotide3.perfkeys knucleotide3.exec.out.tmp False 07/28/26]
Using set date 07/28/26
Checking for /GG 3.902/ on line -10...
SUCCESS
Checking for /893	GGTATTTTAATTTATAGT/ on line -4...
SUCCESS
Looking for real...found it: 25.5
[Success matching performance keys for studies/shootout/submitted/knucleotide3]
[Executing program $HOMEchapel/util/test/timers/highPrecisionTimer ./knucleotide3 --n=0 < /tmp/chplTestTmpDir.hbo_es8c/fasta.knucl]
[Reporting processes with top 5 highest cpu usages]
USER         PID %CPU COMMAND
ubuntu    234638 17.7 python3 $HOMEchapel/util/test/sub_test.py $HOMEchapel/bin/linux64-riscv64/chpl
root         204  7.6 [irq/79-fusb303b_interrupt_int_n]
ubuntu    239009  200 ps ax -o user,pid,pcpu,command
root       80201  0.1 /usr/bin/es-bmcd
ubuntu    239010  0.0 tail -n +2
[Elapsed execution time for "studies/shootout/submitted/knucleotide3" - 25.692 seconds]
[Executing $HOMEchapel/util/test/computePerfStats knucleotide-submitted $HOMEchapel/test/perfdat/clbg_comparison knucleotide3.perfkeys knucleotide3.exec.out.tmp False 07/28/26]
Using set date 07/28/26
Checking for /GG 3.902/ on line -10...
SUCCESS
Checking for /893	GGTATTTTAATTTATAGT/ on line -4...
SUCCESS
Looking for real...found it: 25.48
[Success matching performance keys for studies/shootout/submitted/knucleotide3]
[Executing program $HOMEchapel/util/test/timers/highPrecisionTimer ./knucleotide3 --n=0 < /tmp/chplTestTmpDir.hbo_es8c/fasta.knucl]
[Reporting processes with top 5 highest cpu usages]
USER         PID %CPU COMMAND
ubuntu    234638 17.5 python3 $HOMEchapel/util/test/sub_test.py $HOMEchapel/bin/linux64-riscv64/chpl
root         204  7.6 [irq/79-fusb303b_interrupt_int_n]
root       80201  0.1 /usr/bin/es-bmcd
ubuntu    239046  0.0 tail -n +2
ubuntu    119442  0.0 sshd: ubuntu@pts/1
[Elapsed execution time for "studies/shootout/submitted/knucleotide3" - 25.669 seconds]
[Executing $HOMEchapel/util/test/computePerfStats knucleotide-submitted $HOMEchapel/test/perfdat/clbg_comparison knucleotide3.perfkeys knucleotide3.exec.out.tmp False 07/28/26]
Using set date 07/28/26
Checking for /GG 3.902/ on line -10...
SUCCESS
Checking for /893	GGTATTTTAATTTATAGT/ on line -4...
SUCCESS
Looking for real...found it: 25.45
[Success matching performance keys for studies/shootout/submitted/knucleotide3]
[Executing program $HOMEchapel/util/test/timers/highPrecisionTimer ./knucleotide3 --n=0 < /tmp/chplTestTmpDir.hbo_es8c/fasta.knucl]
[Reporting processes with top 5 highest cpu usages]
USER         PID %CPU COMMAND
ubuntu    234638 17.4 python3 $HOMEchapel/util/test/sub_test.py $HOMEchapel/bin/linux64-riscv64/chpl
root         204  7.6 [irq/79-fusb303b_interrupt_int_n]
root       80201  0.1 /usr/bin/es-bmcd
ubuntu    239082  0.0 tail -n +2
ubuntu    119442  0.0 sshd: ubuntu@pts/1
[Elapsed execution time for "studies/shootout/submitted/knucleotide3" - 25.685 seconds]
[Executing $HOMEchapel/util/test/computePerfStats knucleotide-submitted $HOMEchapel/test/perfdat/clbg_comparison knucleotide3.perfkeys knucleotide3.exec.out.tmp False 07/28/26]
Using set date 07/28/26
Checking for /GG 3.902/ on line -10...
SUCCESS
Checking for /893	GGTATTTTAATTTATAGT/ on line -4...
SUCCESS
Looking for real...found it: 25.47
[Success matching performance keys for studies/shootout/submitted/knucleotide3]
[Executing program $HOMEchapel/util/test/timers/highPrecisionTimer ./knucleotide3 --n=0 < /tmp/chplTestTmpDir.hbo_es8c/fasta.knucl]
[Reporting processes with top 5 highest cpu usages]
USER         PID %CPU COMMAND
ubuntu    234638 17.2 python3 $HOMEchapel/util/test/sub_test.py $HOMEchapel/bin/linux64-riscv64/chpl
root         204  7.6 [irq/79-fusb303b_interrupt_int_n]
root       80201  0.1 /usr/bin/es-bmcd
ubuntu    239118  0.0 tail -n +2
ubuntu    119442  0.0 sshd: ubuntu@pts/1
[Elapsed execution time for "studies/shootout/submitted/knucleotide3" - 25.735 seconds]
[Executing $HOMEchapel/util/test/computePerfStats knucleotide-submitted $HOMEchapel/test/perfdat/clbg_comparison knucleotide3.perfkeys knucleotide3.exec.out.tmp False 07/28/26]
Using set date 07/28/26
Checking for /GG 3.902/ on line -10...
SUCCESS
Checking for /893	GGTATTTTAATTTATAGT/ on line -4...
SUCCESS
Looking for real...found it: 25.52
[Success matching performance keys for studies/shootout/submitted/knucleotide3]
[Executing program $HOMEchapel/util/test/timers/highPrecisionTimer ./knucleotide3 --n=0 < /tmp/chplTestTmpDir.hbo_es8c/fasta.knucl]
[Reporting processes with top 5 highest cpu usages]
USER         PID %CPU COMMAND
ubuntu    234638 17.0 python3 $HOMEchapel/util/test/sub_test.py $HOMEchapel/bin/linux64-riscv64/chpl
root         204  7.6 [irq/79-fusb303b_interrupt_int_n]
root       80201  0.1 /usr/bin/es-bmcd
ubuntu    239155  0.0 tail -n +2
ubuntu    119442  0.0 sshd: ubuntu@pts/1
[Elapsed execution time for "studies/shootout/submitted/knucleotide3" - 25.656 seconds]
[Executing $HOMEchapel/util/test/computePerfStats knucleotide-submitted $HOMEchapel/test/perfdat/clbg_comparison knucleotide3.perfkeys knucleotide3.exec.out.tmp False 07/28/26]
Using set date 07/28/26
Checking for /GG 3.902/ on line -10...
SUCCESS
Checking for /893	GGTATTTTAATTTATAGT/ on line -4...
SUCCESS
Looking for real...found it: 25.45
[Success matching performance keys for studies/shootout/submitted/knucleotide3]
[Elapsed time to compile and execute all versions of "studies/shootout/submitted/knucleotide3" - 323.608 seconds]
[test: studies/shootout/submitted/knucleotide4.chpl]
[Checking suppressif: knucleotide4.suppressif]
[Executing compiler $HOMEchapel/bin/linux64-riscv64/chpl --fast --cc-warnings knucleotide4.chpl < /dev/null]
[Elapsed compilation time for "studies/shootout/submitted/knucleotide4" - 61.988 seconds]
[Success compiling studies/shootout/submitted/knucleotide4]
[Executing ./PREEXEC]
[Executing program $HOMEchapel/util/test/timers/highPrecisionTimer ./knucleotide4 --n=0 < /tmp/chplTestTmpDir.hbo_es8c/fasta.knucl]
[Reporting processes with top 5 highest cpu usages]
USER         PID %CPU COMMAND
ubuntu    234638 16.4 python3 $HOMEchapel/util/test/sub_test.py $HOMEchapel/bin/linux64-riscv64/chpl
root         204  7.6 [irq/79-fusb303b_interrupt_int_n]
ubuntu    239433  200 ps ax -o user,pid,pcpu,command
root       80201  0.1 /usr/bin/es-bmcd
ubuntu    239434  0.0 tail -n +2
[Elapsed execution time for "studies/shootout/submitted/knucleotide4" - 22.931 seconds]
[Executing prediff ./knucleotide4.prediff]
[Executing $HOMEchapel/util/test/computePerfStats knucleotide-hash $HOMEchapel/test/perfdat/clbg_comparison knucleotide4.perfkeys knucleotide4.exec.out.tmp False 07/28/26]
Using set date 07/28/26
Checking for /GG 3.902/ on line -10...
SUCCESS
Checking for /893	GGTATTTTAATTTATAGT/ on line -4...
SUCCESS
Looking for real...found it: 22.73
[Success matching performance keys for studies/shootout/submitted/knucleotide4]
[Executing program $HOMEchapel/util/test/timers/highPrecisionTimer ./knucleotide4 --n=0 < /tmp/chplTestTmpDir.hbo_es8c/fasta.knucl]
[Reporting processes with top 5 highest cpu usages]
USER         PID %CPU COMMAND
ubuntu    234638 16.3 python3 $HOMEchapel/util/test/sub_test.py $HOMEchapel/bin/linux64-riscv64/chpl
root         204  7.6 [irq/79-fusb303b_interrupt_int_n]
ubuntu    239471  200 ps ax -o user,pid,pcpu,command
root       80201  0.1 /usr/bin/es-bmcd
ubuntu    239472  0.0 tail -n +2
[Elapsed execution time for "studies/shootout/submitted/knucleotide4" - 22.984 seconds]
[Executing prediff ./knucleotide4.prediff]
[Executing $HOMEchapel/util/test/computePerfStats knucleotide-hash $HOMEchapel/test/perfdat/clbg_comparison knucleotide4.perfkeys knucleotide4.exec.out.tmp False 07/28/26]
Using set date 07/28/26
Checking for /GG 3.902/ on line -10...
SUCCESS
Checking for /893	GGTATTTTAATTTATAGT/ on line -4...
SUCCESS
Looking for real...found it: 22.77
[Success matching performance keys for studies/shootout/submitted/knucleotide4]
[Executing program $HOMEchapel/util/test/timers/highPrecisionTimer ./knucleotide4 --n=0 < /tmp/chplTestTmpDir.hbo_es8c/fasta.knucl]
[Reporting processes with top 5 highest cpu usages]
USER         PID %CPU COMMAND
ubuntu    234638 16.1 python3 $HOMEchapel/util/test/sub_test.py $HOMEchapel/bin/linux64-riscv64/chpl
root         204  7.6 [irq/79-fusb303b_interrupt_int_n]
root       80201  0.1 /usr/bin/es-bmcd
ubuntu    239511  0.0 tail -n +2
ubuntu    119442  0.0 sshd: ubuntu@pts/1
[Elapsed execution time for "studies/shootout/submitted/knucleotide4" - 23.012 seconds]
[Executing prediff ./knucleotide4.prediff]
[Executing $HOMEchapel/util/test/computePerfStats knucleotide-hash $HOMEchapel/test/perfdat/clbg_comparison knucleotide4.perfkeys knucleotide4.exec.out.tmp False 07/28/26]
Using set date 07/28/26
Checking for /GG 3.902/ on line -10...
SUCCESS
Checking for /893	GGTATTTTAATTTATAGT/ on line -4...
SUCCESS
Looking for real...found it: 22.8
[Success matching performance keys for studies/shootout/submitted/knucleotide4]
[Executing program $HOMEchapel/util/test/timers/highPrecisionTimer ./knucleotide4 --n=0 < /tmp/chplTestTmpDir.hbo_es8c/fasta.knucl]
[Reporting processes with top 5 highest cpu usages]
USER         PID %CPU COMMAND
ubuntu    234638 16.0 python3 $HOMEchapel/util/test/sub_test.py $HOMEchapel/bin/linux64-riscv64/chpl
root         204  7.6 [irq/79-fusb303b_interrupt_int_n]
root       80201  0.1 /usr/bin/es-bmcd
ubuntu    239547  0.0 tail -n +2
ubuntu    119442  0.0 sshd: ubuntu@pts/1
[Elapsed execution time for "studies/shootout/submitted/knucleotide4" - 22.919 seconds]
[Executing prediff ./knucleotide4.prediff]
[Executing $HOMEchapel/util/test/computePerfStats knucleotide-hash $HOMEchapel/test/perfdat/clbg_comparison knucleotide4.perfkeys knucleotide4.exec.out.tmp False 07/28/26]
Using set date 07/28/26
Checking for /GG 3.902/ on line -10...
SUCCESS
Checking for /893	GGTATTTTAATTTATAGT/ on line -4...
SUCCESS
Looking for real...found it: 22.7
[Success matching performance keys for studies/shootout/submitted/knucleotide4]
[Executing program $HOMEchapel/util/test/timers/highPrecisionTimer ./knucleotide4 --n=0 < /tmp/chplTestTmpDir.hbo_es8c/fasta.knucl]
[Reporting processes with top 5 highest cpu usages]
USER         PID %CPU COMMAND
ubuntu    234638 15.8 python3 $HOMEchapel/util/test/sub_test.py $HOMEchapel/bin/linux64-riscv64/chpl
root         204  7.6 [irq/79-fusb303b_interrupt_int_n]
root       80201  0.1 /usr/bin/es-bmcd
ubuntu    239586  0.0 tail -n +2
ubuntu    119442  0.0 sshd: ubuntu@pts/1
[Elapsed execution time for "studies/shootout/submitted/knucleotide4" - 22.927 seconds]
[Executing prediff ./knucleotide4.prediff]
[Executing $HOMEchapel/util/test/computePerfStats knucleotide-hash $HOMEchapel/test/perfdat/clbg_comparison knucleotide4.perfkeys knucleotide4.exec.out.tmp False 07/28/26]
Using set date 07/28/26
Checking for /GG 3.902/ on line -10...
SUCCESS
Checking for /893	GGTATTTTAATTTATAGT/ on line -4...
SUCCESS
Looking for real...found it: 22.72
[Success matching performance keys for studies/shootout/submitted/knucleotide4]
[Executing program $HOMEchapel/util/test/timers/highPrecisionTimer ./knucleotide4 --n=0 < /tmp/chplTestTmpDir.hbo_es8c/fasta.knucl]
[Reporting processes with top 5 highest cpu usages]
USER         PID %CPU COMMAND
ubuntu    234638 15.7 python3 $HOMEchapel/util/test/sub_test.py $HOMEchapel/bin/linux64-riscv64/chpl
root         204  7.6 [irq/79-fusb303b_interrupt_int_n]
root       80201  0.1 /usr/bin/es-bmcd
ubuntu    239625  0.0 tail -n +2
ubuntu    119442  0.0 sshd: ubuntu@pts/1
[Elapsed execution time for "studies/shootout/submitted/knucleotide4" - 22.855 seconds]
[Executing prediff ./knucleotide4.prediff]
[Executing $HOMEchapel/util/test/computePerfStats knucleotide-hash $HOMEchapel/test/perfdat/clbg_comparison knucleotide4.perfkeys knucleotide4.exec.out.tmp False 07/28/26]
Using set date 07/28/26
Checking for /GG 3.902/ on line -10...
SUCCESS
Checking for /893	GGTATTTTAATTTATAGT/ on line -4...
SUCCESS
Looking for real...found it: 22.64
[Success matching performance keys for studies/shootout/submitted/knucleotide4]
[Executing program $HOMEchapel/util/test/timers/highPrecisionTimer ./knucleotide4 --n=0 < /tmp/chplTestTmpDir.hbo_es8c/fasta.knucl]
[Reporting processes with top 5 highest cpu usages]
USER         PID %CPU COMMAND
ubuntu    234638 15.5 python3 $HOMEchapel/util/test/sub_test.py $HOMEchapel/bin/linux64-riscv64/chpl
root         204  7.6 [irq/79-fusb303b_interrupt_int_n]
ubuntu    239659  200 ps ax -o user,pid,pcpu,command
root       80201  0.1 /usr/bin/es-bmcd
ubuntu    239660  0.0 tail -n +2
[Elapsed execution time for "studies/shootout/submitted/knucleotide4" - 22.907 seconds]
[Executing prediff ./knucleotide4.prediff]
[Executing $HOMEchapel/util/test/computePerfStats knucleotide-hash $HOMEchapel/test/perfdat/clbg_comparison knucleotide4.perfkeys knucleotide4.exec.out.tmp False 07/28/26]
Using set date 07/28/26
Checking for /GG 3.902/ on line -10...
SUCCESS
Checking for /893	GGTATTTTAATTTATAGT/ on line -4...
SUCCESS
Looking for real...found it: 22.69
[Success matching performance keys for studies/shootout/submitted/knucleotide4]
[Executing program $HOMEchapel/util/test/timers/highPrecisionTimer ./knucleotide4 --n=0 < /tmp/chplTestTmpDir.hbo_es8c/fasta.knucl]
[Reporting processes with top 5 highest cpu usages]
USER         PID %CPU COMMAND
ubuntu    234638 15.4 python3 $HOMEchapel/util/test/sub_test.py $HOMEchapel/bin/linux64-riscv64/chpl
root         204  7.6 [irq/79-fusb303b_interrupt_int_n]
root       80201  0.1 /usr/bin/es-bmcd
ubuntu    239699  0.0 tail -n +2
ubuntu    119442  0.0 sshd: ubuntu@pts/1
[Elapsed execution time for "studies/shootout/submitted/knucleotide4" - 22.870 seconds]
[Executing prediff ./knucleotide4.prediff]
[Executing $HOMEchapel/util/test/computePerfStats knucleotide-hash $HOMEchapel/test/perfdat/clbg_comparison knucleotide4.perfkeys knucleotide4.exec.out.tmp False 07/28/26]
Using set date 07/28/26
Checking for /GG 3.902/ on line -10...
SUCCESS
Checking for /893	GGTATTTTAATTTATAGT/ on line -4...
SUCCESS
Looking for real...found it: 22.66
[Success matching performance keys for studies/shootout/submitted/knucleotide4]
[Executing program $HOMEchapel/util/test/timers/highPrecisionTimer ./knucleotide4 --n=0 < /tmp/chplTestTmpDir.hbo_es8c/fasta.knucl]
[Reporting processes with top 5 highest cpu usages]
USER         PID %CPU COMMAND
ubuntu    234638 15.3 python3 $HOMEchapel/util/test/sub_test.py $HOMEchapel/bin/linux64-riscv64/chpl
root         204  7.6 [irq/79-fusb303b_interrupt_int_n]
ubuntu    239733  200 ps ax -o user,pid,pcpu,command
root       80201  0.1 /usr/bin/es-bmcd
ubuntu    239734  0.0 tail -n +2
[Elapsed execution time for "studies/shootout/submitted/knucleotide4" - 22.868 seconds]
[Executing prediff ./knucleotide4.prediff]
[Executing $HOMEchapel/util/test/computePerfStats knucleotide-hash $HOMEchapel/test/perfdat/clbg_comparison knucleotide4.perfkeys knucleotide4.exec.out.tmp False 07/28/26]
Using set date 07/28/26
Checking for /GG 3.902/ on line -10...
SUCCESS
Checking for /893	GGTATTTTAATTTATAGT/ on line -4...
SUCCESS
Looking for real...found it: 22.66
[Success matching performance keys for studies/shootout/submitted/knucleotide4]
[Executing program $HOMEchapel/util/test/timers/highPrecisionTimer ./knucleotide4 --n=0 < /tmp/chplTestTmpDir.hbo_es8c/fasta.knucl]
[Reporting processes with top 5 highest cpu usages]
USER         PID %CPU COMMAND
ubuntu    234638 15.2 python3 $HOMEchapel/util/test/sub_test.py $HOMEchapel/bin/linux64-riscv64/chpl
root         204  7.6 [irq/79-fusb303b_interrupt_int_n]
root       80201  0.1 /usr/bin/es-bmcd
ubuntu    239773  0.0 tail -n +2
ubuntu    119442  0.0 sshd: ubuntu@pts/1
[Elapsed execution time for "studies/shootout/submitted/knucleotide4" - 22.913 seconds]
[Executing prediff ./knucleotide4.prediff]
[Executing $HOMEchapel/util/test/computePerfStats knucleotide-hash $HOMEchapel/test/perfdat/clbg_comparison knucleotide4.perfkeys knucleotide4.exec.out.tmp False 07/28/26]
Using set date 07/28/26
Checking for /GG 3.902/ on line -10...
SUCCESS
Checking for /893	GGTATTTTAATTTATAGT/ on line -4...
SUCCESS
Looking for real...found it: 22.71
[Success matching performance keys for studies/shootout/submitted/knucleotide4]
[Elapsed time to compile and execute all versions of "studies/shootout/submitted/knucleotide4" - 292.895 seconds]
[test: studies/shootout/submitted/mandelbrot.chpl]
[Executing compiler $HOMEchapel/bin/linux64-riscv64/chpl --fast --cc-warnings mandelbrot.chpl < /dev/null]
[Elapsed compilation time for "studies/shootout/submitted/mandelbrot" - 38.498 seconds]
[Success compiling studies/shootout/submitted/mandelbrot]
[Executing ./PREEXEC]
[Executing program $HOMEchapel/util/test/timers/highPrecisionTimer ./mandelbrot --n=16000 < /dev/null]
[Reporting processes with top 5 highest cpu usages]
USER         PID %CPU COMMAND
ubuntu    234638 14.9 python3 $HOMEchapel/util/test/sub_test.py $HOMEchapel/bin/linux64-riscv64/chpl
root         204  7.6 [irq/79-fusb303b_interrupt_int_n]
root       80201  0.1 /usr/bin/es-bmcd
ubuntu    239965  0.0 tail -n +2
ubuntu    119442  0.0 sshd: ubuntu@pts/1
[Elapsed execution time for "studies/shootout/submitted/mandelbrot" - 15.547 seconds]
[Executing prediff ./mandelbrot.prediff]
[Executing $HOMEchapel/util/test/computePerfStats mandelbrot-submitted $HOMEchapel/test/perfdat/clbg_comparison mandelbrot.perfkeys mandelbrot.exec.out.tmp False 07/28/26]
Using set date 07/28/26
Looking for real...found it: 14.9
[Success matching performance keys for studies/shootout/submitted/mandelbrot]
[Executing program $HOMEchapel/util/test/timers/highPrecisionTimer ./mandelbrot --n=16000 < /dev/null]
[Reporting processes with top 5 highest cpu usages]
USER         PID %CPU COMMAND
ubuntu    234638 14.8 python3 $HOMEchapel/util/test/sub_test.py $HOMEchapel/bin/linux64-riscv64/chpl
root         204  7.6 [irq/79-fusb303b_interrupt_int_n]
ubuntu    240003  200 ps ax -o user,pid,pcpu,command
root       80201  0.1 /usr/bin/es-bmcd
ubuntu    240004  0.0 tail -n +2
[Elapsed execution time for "studies/shootout/submitted/mandelbrot" - 15.555 seconds]
[Executing prediff ./mandelbrot.prediff]
[Executing $HOMEchapel/util/test/computePerfStats mandelbrot-submitted $HOMEchapel/test/perfdat/clbg_comparison mandelbrot.perfkeys mandelbrot.exec.out.tmp False 07/28/26]
Using set date 07/28/26
Looking for real...found it: 14.88
[Success matching performance keys for studies/shootout/submitted/mandelbrot]
[Executing program $HOMEchapel/util/test/timers/highPrecisionTimer ./mandelbrot --n=16000 < /dev/null]
[Reporting processes with top 5 highest cpu usages]
USER         PID %CPU COMMAND
ubuntu    234638 14.7 python3 $HOMEchapel/util/test/sub_test.py $HOMEchapel/bin/linux64-riscv64/chpl
root         204  7.6 [irq/79-fusb303b_interrupt_int_n]
root       80201  0.1 /usr/bin/es-bmcd
ubuntu    240042  0.0 tail -n +2
ubuntu    119442  0.0 sshd: ubuntu@pts/1
[Elapsed execution time for "studies/shootout/submitted/mandelbrot" - 15.565 seconds]
[Executing prediff ./mandelbrot.prediff]
[Executing $HOMEchapel/util/test/computePerfStats mandelbrot-submitted $HOMEchapel/test/perfdat/clbg_comparison mandelbrot.perfkeys mandelbrot.exec.out.tmp False 07/28/26]
Using set date 07/28/26
Looking for real...found it: 14.89
[Success matching performance keys for studies/shootout/submitted/mandelbrot]
[Executing program $HOMEchapel/util/test/timers/highPrecisionTimer ./mandelbrot --n=16000 < /dev/null]
[Reporting processes with top 5 highest cpu usages]
USER         PID %CPU COMMAND
ubuntu    234638 14.6 python3 $HOMEchapel/util/test/sub_test.py $HOMEchapel/bin/linux64-riscv64/chpl
root         204  7.6 [irq/79-fusb303b_interrupt_int_n]
root       80201  0.1 /usr/bin/es-bmcd
ubuntu    240079  0.0 tail -n +2
ubuntu    119442  0.0 sshd: ubuntu@pts/1
[Elapsed execution time for "studies/shootout/submitted/mandelbrot" - 15.558 seconds]
[Executing prediff ./mandelbrot.prediff]
[Executing $HOMEchapel/util/test/computePerfStats mandelbrot-submitted $HOMEchapel/test/perfdat/clbg_comparison mandelbrot.perfkeys mandelbrot.exec.out.tmp False 07/28/26]
Using set date 07/28/26
Looking for real...found it: 14.88
[Success matching performance keys for studies/shootout/submitted/mandelbrot]
[Executing program $HOMEchapel/util/test/timers/highPrecisionTimer ./mandelbrot --n=16000 < /dev/null]
[Reporting processes with top 5 highest cpu usages]
USER         PID %CPU COMMAND
ubuntu    234638 14.5 python3 $HOMEchapel/util/test/sub_test.py $HOMEchapel/bin/linux64-riscv64/chpl
root         204  7.6 [irq/79-fusb303b_interrupt_int_n]
ubuntu    240115  200 ps ax -o user,pid,pcpu,command
root       80201  0.1 /usr/bin/es-bmcd
ubuntu    240116  0.0 tail -n +2
[Elapsed execution time for "studies/shootout/submitted/mandelbrot" - 15.555 seconds]
[Executing prediff ./mandelbrot.prediff]
[Executing $HOMEchapel/util/test/computePerfStats mandelbrot-submitted $HOMEchapel/test/perfdat/clbg_comparison mandelbrot.perfkeys mandelbrot.exec.out.tmp False 07/28/26]
Using set date 07/28/26
Looking for real...found it: 14.88
[Success matching performance keys for studies/shootout/submitted/mandelbrot]
[Executing program $HOMEchapel/util/test/timers/highPrecisionTimer ./mandelbrot --n=16000 < /dev/null]
[Reporting processes with top 5 highest cpu usages]
USER         PID %CPU COMMAND
ubuntu    234638 14.4 python3 $HOMEchapel/util/test/sub_test.py $HOMEchapel/bin/linux64-riscv64/chpl
root         204  7.6 [irq/79-fusb303b_interrupt_int_n]
root       80201  0.1 /usr/bin/es-bmcd
ubuntu    240150  0.0 tail -n +2
ubuntu    119442  0.0 sshd: ubuntu@pts/1
[Elapsed execution time for "studies/shootout/submitted/mandelbrot" - 15.589 seconds]
[Executing prediff ./mandelbrot.prediff]
[Executing $HOMEchapel/util/test/computePerfStats mandelbrot-submitted $HOMEchapel/test/perfdat/clbg_comparison mandelbrot.perfkeys mandelbrot.exec.out.tmp False 07/28/26]
Using set date 07/28/26
Looking for real...found it: 14.9
[Success matching performance keys for studies/shootout/submitted/mandelbrot]
[Executing program $HOMEchapel/util/test/timers/highPrecisionTimer ./mandelbrot --n=16000 < /dev/null]
[Reporting processes with top 5 highest cpu usages]
USER         PID %CPU COMMAND
ubuntu    234638 14.3 python3 $HOMEchapel/util/test/sub_test.py $HOMEchapel/bin/linux64-riscv64/chpl
root         204  7.6 [irq/79-fusb303b_interrupt_int_n]
root       80201  0.1 /usr/bin/es-bmcd
ubuntu    240187  0.0 tail -n +2
ubuntu    119442  0.0 sshd: ubuntu@pts/1
[Elapsed execution time for "studies/shootout/submitted/mandelbrot" - 15.552 seconds]
[Executing prediff ./mandelbrot.prediff]
[Executing $HOMEchapel/util/test/computePerfStats mandelbrot-submitted $HOMEchapel/test/perfdat/clbg_comparison mandelbrot.perfkeys mandelbrot.exec.out.tmp False 07/28/26]
Using set date 07/28/26
Looking for real...found it: 14.88
[Success matching performance keys for studies/shootout/submitted/mandelbrot]
[Executing program $HOMEchapel/util/test/timers/highPrecisionTimer ./mandelbrot --n=16000 < /dev/null]
[Reporting processes with top 5 highest cpu usages]
USER         PID %CPU COMMAND
ubuntu    234638 14.2 python3 $HOMEchapel/util/test/sub_test.py $HOMEchapel/bin/linux64-riscv64/chpl
root         204  7.6 [irq/79-fusb303b_interrupt_int_n]
ubuntu    240223  200 ps ax -o user,pid,pcpu,command
root       80201  0.1 /usr/bin/es-bmcd
ubuntu    240224  0.0 tail -n +2
[Elapsed execution time for "studies/shootout/submitted/mandelbrot" - 15.569 seconds]
[Executing prediff ./mandelbrot.prediff]
[Executing $HOMEchapel/util/test/computePerfStats mandelbrot-submitted $HOMEchapel/test/perfdat/clbg_comparison mandelbrot.perfkeys mandelbrot.exec.out.tmp False 07/28/26]
Using set date 07/28/26
Looking for real...found it: 14.89
[Success matching performance keys for studies/shootout/submitted/mandelbrot]
[Executing program $HOMEchapel/util/test/timers/highPrecisionTimer ./mandelbrot --n=16000 < /dev/null]
[Reporting processes with top 5 highest cpu usages]
USER         PID %CPU COMMAND
ubuntu    234638 14.1 python3 $HOMEchapel/util/test/sub_test.py $HOMEchapel/bin/linux64-riscv64/chpl
root         204  7.6 [irq/79-fusb303b_interrupt_int_n]
root       80201  0.1 /usr/bin/es-bmcd
ubuntu    240257  0.0 tail -n +2
ubuntu    119442  0.0 sshd: ubuntu@pts/1
[Elapsed execution time for "studies/shootout/submitted/mandelbrot" - 15.576 seconds]
[Executing prediff ./mandelbrot.prediff]
[Executing $HOMEchapel/util/test/computePerfStats mandelbrot-submitted $HOMEchapel/test/perfdat/clbg_comparison mandelbrot.perfkeys mandelbrot.exec.out.tmp False 07/28/26]
Using set date 07/28/26
Looking for real...found it: 14.88
[Success matching performance keys for studies/shootout/submitted/mandelbrot]
[Executing program $HOMEchapel/util/test/timers/highPrecisionTimer ./mandelbrot --n=16000 < /dev/null]
[Reporting processes with top 5 highest cpu usages]
USER         PID %CPU COMMAND
ubuntu    234638 14.0 python3 $HOMEchapel/util/test/sub_test.py $HOMEchapel/bin/linux64-riscv64/chpl
root         204  7.6 [irq/79-fusb303b_interrupt_int_n]
ubuntu    240293  200 ps ax -o user,pid,pcpu,command
root       80201  0.1 /usr/bin/es-bmcd
ubuntu    240294  0.0 tail -n +2
[Elapsed execution time for "studies/shootout/submitted/mandelbrot" - 15.551 seconds]
[Executing prediff ./mandelbrot.prediff]
[Executing $HOMEchapel/util/test/computePerfStats mandelbrot-submitted $HOMEchapel/test/perfdat/clbg_comparison mandelbrot.perfkeys mandelbrot.exec.out.tmp False 07/28/26]
Using set date 07/28/26
Looking for real...found it: 14.89
[Success matching performance keys for studies/shootout/submitted/mandelbrot]
[Elapsed time to compile and execute all versions of "studies/shootout/submitted/mandelbrot" - 273.133 seconds]
[test: studies/shootout/submitted/mandelbrot3.chpl]
[Executing compiler $HOMEchapel/bin/linux64-riscv64/chpl --fast --cc-warnings mandelbrot3.chpl < /dev/null]
[Elapsed compilation time for "studies/shootout/submitted/mandelbrot3" - 42.059 seconds]
[Success compiling studies/shootout/submitted/mandelbrot3]
[Executing ./PREEXEC]
[Executing program $HOMEchapel/util/test/timers/highPrecisionTimer ./mandelbrot3 --n=16000 < /dev/null]
[Reporting processes with top 5 highest cpu usages]
USER         PID %CPU COMMAND
ubuntu    234638 13.8 python3 $HOMEchapel/util/test/sub_test.py $HOMEchapel/bin/linux64-riscv64/chpl
root         204  7.6 [irq/79-fusb303b_interrupt_int_n]
ubuntu    240482  200 ps ax -o user,pid,pcpu,command
root       80201  0.1 /usr/bin/es-bmcd
ubuntu    240483  0.0 tail -n +2
[Elapsed execution time for "studies/shootout/submitted/mandelbrot3" - 5.859 seconds]
[Executing prediff ./mandelbrot3.prediff]
[Executing $HOMEchapel/util/test/computePerfStats mandelbrot2 $HOMEchapel/test/perfdat/clbg_comparison mandelbrot3.perfkeys mandelbrot3.exec.out.tmp False 07/28/26]
Using set date 07/28/26
Looking for real...found it: 5.217
[Success matching performance keys for studies/shootout/submitted/mandelbrot3]
[Executing program $HOMEchapel/util/test/timers/highPrecisionTimer ./mandelbrot3 --n=16000 < /dev/null]
[Reporting processes with top 5 highest cpu usages]
USER         PID %CPU COMMAND
ubuntu    234638 13.8 python3 $HOMEchapel/util/test/sub_test.py $HOMEchapel/bin/linux64-riscv64/chpl
root         204  7.6 [irq/79-fusb303b_interrupt_int_n]
root       80201  0.1 /usr/bin/es-bmcd
ubuntu    240512  0.0 tail -n +2
ubuntu    119442  0.0 sshd: ubuntu@pts/1
[Elapsed execution time for "studies/shootout/submitted/mandelbrot3" - 5.880 seconds]
[Executing prediff ./mandelbrot3.prediff]
[Executing $HOMEchapel/util/test/computePerfStats mandelbrot2 $HOMEchapel/test/perfdat/clbg_comparison mandelbrot3.perfkeys mandelbrot3.exec.out.tmp False 07/28/26]
Using set date 07/28/26
Looking for real...found it: 5.215
[Success matching performance keys for studies/shootout/submitted/mandelbrot3]
[Executing program $HOMEchapel/util/test/timers/highPrecisionTimer ./mandelbrot3 --n=16000 < /dev/null]
[Reporting processes with top 5 highest cpu usages]
USER         PID %CPU COMMAND
ubuntu    234638 13.7 python3 $HOMEchapel/util/test/sub_test.py $HOMEchapel/bin/linux64-riscv64/chpl
root         204  7.6 [irq/79-fusb303b_interrupt_int_n]
root       80201  0.1 /usr/bin/es-bmcd
ubuntu    240541  0.0 tail -n +2
ubuntu    119442  0.0 sshd: ubuntu@pts/1
[Elapsed execution time for "studies/shootout/submitted/mandelbrot3" - 5.899 seconds]
[Executing prediff ./mandelbrot3.prediff]
[Executing $HOMEchapel/util/test/computePerfStats mandelbrot2 $HOMEchapel/test/perfdat/clbg_comparison mandelbrot3.perfkeys mandelbrot3.exec.out.tmp False 07/28/26]
Using set date 07/28/26
Looking for real...found it: 5.225
[Success matching performance keys for studies/shootout/submitted/mandelbrot3]
[Executing program $HOMEchapel/util/test/timers/highPrecisionTimer ./mandelbrot3 --n=16000 < /dev/null]
[Reporting processes with top 5 highest cpu usages]
USER         PID %CPU COMMAND
ubuntu    234638 13.7 python3 $HOMEchapel/util/test/sub_test.py $HOMEchapel/bin/linux64-riscv64/chpl
root         204  7.6 [irq/79-fusb303b_interrupt_int_n]
ubuntu    240565  200 ps ax -o user,pid,pcpu,command
root       80201  0.1 /usr/bin/es-bmcd
ubuntu    240566  0.0 tail -n +2
[Elapsed execution time for "studies/shootout/submitted/mandelbrot3" - 5.891 seconds]
[Executing prediff ./mandelbrot3.prediff]
[Executing $HOMEchapel/util/test/computePerfStats mandelbrot2 $HOMEchapel/test/perfdat/clbg_comparison mandelbrot3.perfkeys mandelbrot3.exec.out.tmp False 07/28/26]
Using set date 07/28/26
Looking for real...found it: 5.216
[Success matching performance keys for studies/shootout/submitted/mandelbrot3]
[Executing program $HOMEchapel/util/test/timers/highPrecisionTimer ./mandelbrot3 --n=16000 < /dev/null]
[Reporting processes with top 5 highest cpu usages]
USER         PID %CPU COMMAND
ubuntu    234638 13.7 python3 $HOMEchapel/util/test/sub_test.py $HOMEchapel/bin/linux64-riscv64/chpl
root         204  7.6 [irq/79-fusb303b_interrupt_int_n]
ubuntu    240594  200 ps ax -o user,pid,pcpu,command
root       80201  0.1 /usr/bin/es-bmcd
ubuntu    240595  0.0 tail -n +2
[Elapsed execution time for "studies/shootout/submitted/mandelbrot3" - 5.905 seconds]
[Executing prediff ./mandelbrot3.prediff]
[Executing $HOMEchapel/util/test/computePerfStats mandelbrot2 $HOMEchapel/test/perfdat/clbg_comparison mandelbrot3.perfkeys mandelbrot3.exec.out.tmp False 07/28/26]
Using set date 07/28/26
Looking for real...found it: 5.219
[Success matching performance keys for studies/shootout/submitted/mandelbrot3]
[Executing program $HOMEchapel/util/test/timers/highPrecisionTimer ./mandelbrot3 --n=16000 < /dev/null]
[Reporting processes with top 5 highest cpu usages]
USER         PID %CPU COMMAND
ubuntu    234638 13.6 python3 $HOMEchapel/util/test/sub_test.py $HOMEchapel/bin/linux64-riscv64/chpl
root         204  7.6 [irq/79-fusb303b_interrupt_int_n]
root       80201  0.1 /usr/bin/es-bmcd
ubuntu    240624  0.0 tail -n +2
ubuntu    119442  0.0 sshd: ubuntu@pts/1
[Elapsed execution time for "studies/shootout/submitted/mandelbrot3" - 5.921 seconds]
[Executing prediff ./mandelbrot3.prediff]
[Executing $HOMEchapel/util/test/computePerfStats mandelbrot2 $HOMEchapel/test/perfdat/clbg_comparison mandelbrot3.perfkeys mandelbrot3.exec.out.tmp False 07/28/26]
Using set date 07/28/26
Looking for real...found it: 5.222
[Success matching performance keys for studies/shootout/submitted/mandelbrot3]
[Executing program $HOMEchapel/util/test/timers/highPrecisionTimer ./mandelbrot3 --n=16000 < /dev/null]
[Reporting processes with top 5 highest cpu usages]
USER         PID %CPU COMMAND
ubuntu    234638 13.6 python3 $HOMEchapel/util/test/sub_test.py $HOMEchapel/bin/linux64-riscv64/chpl
root         204  7.6 [irq/79-fusb303b_interrupt_int_n]
root       80201  0.1 /usr/bin/es-bmcd
ubuntu    240652  0.0 tail -n +2
ubuntu    119442  0.0 sshd: ubuntu@pts/1
[Elapsed execution time for "studies/shootout/submitted/mandelbrot3" - 5.891 seconds]
[Executing prediff ./mandelbrot3.prediff]
[Executing $HOMEchapel/util/test/computePerfStats mandelbrot2 $HOMEchapel/test/perfdat/clbg_comparison mandelbrot3.perfkeys mandelbrot3.exec.out.tmp False 07/28/26]
Using set date 07/28/26
Looking for real...found it: 5.226
[Success matching performance keys for studies/shootout/submitted/mandelbrot3]
[Executing program $HOMEchapel/util/test/timers/highPrecisionTimer ./mandelbrot3 --n=16000 < /dev/null]
[Reporting processes with top 5 highest cpu usages]
USER         PID %CPU COMMAND
ubuntu    234638 13.5 python3 $HOMEchapel/util/test/sub_test.py $HOMEchapel/bin/linux64-riscv64/chpl
root         204  7.6 [irq/79-fusb303b_interrupt_int_n]
root       80201  0.1 /usr/bin/es-bmcd
ubuntu    240683  0.0 tail -n +2
ubuntu    119442  0.0 sshd: ubuntu@pts/1
[Elapsed execution time for "studies/shootout/submitted/mandelbrot3" - 5.881 seconds]
[Executing prediff ./mandelbrot3.prediff]
[Executing $HOMEchapel/util/test/computePerfStats mandelbrot2 $HOMEchapel/test/perfdat/clbg_comparison mandelbrot3.perfkeys mandelbrot3.exec.out.tmp False 07/28/26]
Using set date 07/28/26
Looking for real...found it: 5.218
[Success matching performance keys for studies/shootout/submitted/mandelbrot3]
[Executing program $HOMEchapel/util/test/timers/highPrecisionTimer ./mandelbrot3 --n=16000 < /dev/null]
[Reporting processes with top 5 highest cpu usages]
USER         PID %CPU COMMAND
ubuntu    234638 13.5 python3 $HOMEchapel/util/test/sub_test.py $HOMEchapel/bin/linux64-riscv64/chpl
root         204  7.6 [irq/79-fusb303b_interrupt_int_n]
root       80201  0.1 /usr/bin/es-bmcd
ubuntu    240712  0.0 tail -n +2
ubuntu    119442  0.0 sshd: ubuntu@pts/1
[Elapsed execution time for "studies/shootout/submitted/mandelbrot3" - 5.893 seconds]
[Executing prediff ./mandelbrot3.prediff]
[Executing $HOMEchapel/util/test/computePerfStats mandelbrot2 $HOMEchapel/test/perfdat/clbg_comparison mandelbrot3.perfkeys mandelbrot3.exec.out.tmp False 07/28/26]
Using set date 07/28/26
Looking for real...found it: 5.217
[Success matching performance keys for studies/shootout/submitted/mandelbrot3]
[Executing program $HOMEchapel/util/test/timers/highPrecisionTimer ./mandelbrot3 --n=16000 < /dev/null]
[Reporting processes with top 5 highest cpu usages]
USER         PID %CPU COMMAND
ubuntu    234638 13.5 python3 $HOMEchapel/util/test/sub_test.py $HOMEchapel/bin/linux64-riscv64/chpl
root         204  7.6 [irq/79-fusb303b_interrupt_int_n]
root       80201  0.1 /usr/bin/es-bmcd
ubuntu    240741  0.0 tail -n +2
ubuntu    119442  0.0 sshd: ubuntu@pts/1
[Elapsed execution time for "studies/shootout/submitted/mandelbrot3" - 5.897 seconds]
[Executing prediff ./mandelbrot3.prediff]
[Executing $HOMEchapel/util/test/computePerfStats mandelbrot2 $HOMEchapel/test/perfdat/clbg_comparison mandelbrot3.perfkeys mandelbrot3.exec.out.tmp False 07/28/26]
Using set date 07/28/26
Looking for real...found it: 5.22
[Success matching performance keys for studies/shootout/submitted/mandelbrot3]
[Elapsed time to compile and execute all versions of "studies/shootout/submitted/mandelbrot3" - 179.391 seconds]
[test: studies/shootout/submitted/nbody2.chpl]
[Executing compiler $HOMEchapel/bin/linux64-riscv64/chpl --fast --cc-warnings nbody2.chpl < /dev/null]
[Elapsed compilation time for "studies/shootout/submitted/nbody2" - 37.688 seconds]
[Success compiling studies/shootout/submitted/nbody2]
[Executing ./PREEXEC]
[Executing program $HOMEchapel/util/test/timers/highPrecisionTimer ./nbody2 --n=50000000 < /dev/null]
[Reporting processes with top 5 highest cpu usages]
USER         PID %CPU COMMAND
ubuntu    234638 13.2 python3 $HOMEchapel/util/test/sub_test.py $HOMEchapel/bin/linux64-riscv64/chpl
root         204  7.6 [irq/79-fusb303b_interrupt_int_n]
ubuntu    240941  200 ps ax -o user,pid,pcpu,command
root       80201  0.1 /usr/bin/es-bmcd
ubuntu    240942  0.0 tail -n +2
[Elapsed execution time for "studies/shootout/submitted/nbody2" - 26.789 seconds]
[Executing $HOMEchapel/util/test/computePerfStats nbody-submitted $HOMEchapel/test/perfdat/clbg_comparison nbody2.perfkeys nbody2.exec.out.tmp False 07/28/26]
Using set date 07/28/26
Checking for /-?[0-9.]+/ on line 1...
SUCCESS
Checking for /-?[0-9.]+/ on line 2...
SUCCESS
Looking for real...found it: 26.57
[Success matching performance keys for studies/shootout/submitted/nbody2]
[Executing program $HOMEchapel/util/test/timers/highPrecisionTimer ./nbody2 --n=50000000 < /dev/null]
[Reporting processes with top 5 highest cpu usages]
USER         PID %CPU COMMAND
ubuntu    234638 13.1 python3 $HOMEchapel/util/test/sub_test.py $HOMEchapel/bin/linux64-riscv64/chpl
root         204  7.6 [irq/79-fusb303b_interrupt_int_n]
root       80201  0.1 /usr/bin/es-bmcd
ubuntu    240982  0.0 tail -n +2
ubuntu    119442  0.0 sshd: ubuntu@pts/1
[Elapsed execution time for "studies/shootout/submitted/nbody2" - 26.770 seconds]
[Executing $HOMEchapel/util/test/computePerfStats nbody-submitted $HOMEchapel/test/perfdat/clbg_comparison nbody2.perfkeys nbody2.exec.out.tmp False 07/28/26]
Using set date 07/28/26
Checking for /-?[0-9.]+/ on line 1...
SUCCESS
Checking for /-?[0-9.]+/ on line 2...
SUCCESS
Looking for real...found it: 26.57
[Success matching performance keys for studies/shootout/submitted/nbody2]
[Executing program $HOMEchapel/util/test/timers/highPrecisionTimer ./nbody2 --n=50000000 < /dev/null]
[Reporting processes with top 5 highest cpu usages]
USER         PID %CPU COMMAND
ubuntu    234638 13.0 python3 $HOMEchapel/util/test/sub_test.py $HOMEchapel/bin/linux64-riscv64/chpl
root         204  7.6 [irq/79-fusb303b_interrupt_int_n]
ubuntu    241017  300 ps ax -o user,pid,pcpu,command
root       80201  0.1 /usr/bin/es-bmcd
ubuntu    241018  0.0 tail -n +2
[Elapsed execution time for "studies/shootout/submitted/nbody2" - 26.782 seconds]
[Executing $HOMEchapel/util/test/computePerfStats nbody-submitted $HOMEchapel/test/perfdat/clbg_comparison nbody2.perfkeys nbody2.exec.out.tmp False 07/28/26]
Using set date 07/28/26
Checking for /-?[0-9.]+/ on line 1...
SUCCESS
Checking for /-?[0-9.]+/ on line 2...
SUCCESS
Looking for real...found it: 26.57
[Success matching performance keys for studies/shootout/submitted/nbody2]
[Executing program $HOMEchapel/util/test/timers/highPrecisionTimer ./nbody2 --n=50000000 < /dev/null]
[Reporting processes with top 5 highest cpu usages]
USER         PID %CPU COMMAND
ubuntu    234638 12.9 python3 $HOMEchapel/util/test/sub_test.py $HOMEchapel/bin/linux64-riscv64/chpl
root         204  7.6 [irq/79-fusb303b_interrupt_int_n]
root       80201  0.1 /usr/bin/es-bmcd
ubuntu    241054  0.0 tail -n +2
ubuntu    119442  0.0 sshd: ubuntu@pts/1
[Elapsed execution time for "studies/shootout/submitted/nbody2" - 26.807 seconds]
[Executing $HOMEchapel/util/test/computePerfStats nbody-submitted $HOMEchapel/test/perfdat/clbg_comparison nbody2.perfkeys nbody2.exec.out.tmp False 07/28/26]
Using set date 07/28/26
Checking for /-?[0-9.]+/ on line 1...
SUCCESS
Checking for /-?[0-9.]+/ on line 2...
SUCCESS
Looking for real...found it: 26.59
[Success matching performance keys for studies/shootout/submitted/nbody2]
[Executing program $HOMEchapel/util/test/timers/highPrecisionTimer ./nbody2 --n=50000000 < /dev/null]
[Reporting processes with top 5 highest cpu usages]
USER         PID %CPU COMMAND
ubuntu    234638 12.8 python3 $HOMEchapel/util/test/sub_test.py $HOMEchapel/bin/linux64-riscv64/chpl
root         204  7.6 [irq/79-fusb303b_interrupt_int_n]
ubuntu    241094  200 ps ax -o user,pid,pcpu,command
root       80201  0.1 /usr/bin/es-bmcd
ubuntu    241095  0.0 tail -n +2
[Elapsed execution time for "studies/shootout/submitted/nbody2" - 26.781 seconds]
[Executing $HOMEchapel/util/test/computePerfStats nbody-submitted $HOMEchapel/test/perfdat/clbg_comparison nbody2.perfkeys nbody2.exec.out.tmp False 07/28/26]
Using set date 07/28/26
Checking for /-?[0-9.]+/ on line 1...
SUCCESS
Checking for /-?[0-9.]+/ on line 2...
SUCCESS
Looking for real...found it: 26.57
[Success matching performance keys for studies/shootout/submitted/nbody2]
[Executing program $HOMEchapel/util/test/timers/highPrecisionTimer ./nbody2 --n=50000000 < /dev/null]
[Reporting processes with top 5 highest cpu usages]
USER         PID %CPU COMMAND
ubuntu    234638 12.7 python3 $HOMEchapel/util/test/sub_test.py $HOMEchapel/bin/linux64-riscv64/chpl
root         204  7.6 [irq/79-fusb303b_interrupt_int_n]
root       80201  0.1 /usr/bin/es-bmcd
ubuntu    241131  0.0 tail -n +2
ubuntu    119442  0.0 sshd: ubuntu@pts/1
[Elapsed execution time for "studies/shootout/submitted/nbody2" - 26.785 seconds]
[Executing $HOMEchapel/util/test/computePerfStats nbody-submitted $HOMEchapel/test/perfdat/clbg_comparison nbody2.perfkeys nbody2.exec.out.tmp False 07/28/26]
Using set date 07/28/26
Checking for /-?[0-9.]+/ on line 1...
SUCCESS
Checking for /-?[0-9.]+/ on line 2...
SUCCESS
Looking for real...found it: 26.58
[Success matching performance keys for studies/shootout/submitted/nbody2]
[Executing program $HOMEchapel/util/test/timers/highPrecisionTimer ./nbody2 --n=50000000 < /dev/null]
[Reporting processes with top 5 highest cpu usages]
USER         PID %CPU COMMAND
ubuntu    234638 12.6 python3 $HOMEchapel/util/test/sub_test.py $HOMEchapel/bin/linux64-riscv64/chpl
root         204  7.6 [irq/79-fusb303b_interrupt_int_n]
root       80201  0.1 /usr/bin/es-bmcd
ubuntu    241168  0.0 tail -n +2
ubuntu    119442  0.0 sshd: ubuntu@pts/1
[Elapsed execution time for "studies/shootout/submitted/nbody2" - 26.778 seconds]
[Executing $HOMEchapel/util/test/computePerfStats nbody-submitted $HOMEchapel/test/perfdat/clbg_comparison nbody2.perfkeys nbody2.exec.out.tmp False 07/28/26]
Using set date 07/28/26
Checking for /-?[0-9.]+/ on line 1...
SUCCESS
Checking for /-?[0-9.]+/ on line 2...
SUCCESS
Looking for real...found it: 26.56
[Success matching performance keys for studies/shootout/submitted/nbody2]
[Executing program $HOMEchapel/util/test/timers/highPrecisionTimer ./nbody2 --n=50000000 < /dev/null]
[Reporting processes with top 5 highest cpu usages]
USER         PID %CPU COMMAND
ubuntu    234638 12.5 python3 $HOMEchapel/util/test/sub_test.py $HOMEchapel/bin/linux64-riscv64/chpl
root         204  7.6 [irq/79-fusb303b_interrupt_int_n]
root       80201  0.1 /usr/bin/es-bmcd
ubuntu    241212  0.0 tail -n +2
ubuntu    119442  0.0 sshd: ubuntu@pts/1
[Elapsed execution time for "studies/shootout/submitted/nbody2" - 26.782 seconds]
[Executing $HOMEchapel/util/test/computePerfStats nbody-submitted $HOMEchapel/test/perfdat/clbg_comparison nbody2.perfkeys nbody2.exec.out.tmp False 07/28/26]
Using set date 07/28/26
Checking for /-?[0-9.]+/ on line 1...
SUCCESS
Checking for /-?[0-9.]+/ on line 2...
SUCCESS
Looking for real...found it: 26.58
[Success matching performance keys for studies/shootout/submitted/nbody2]
[Executing program $HOMEchapel/util/test/timers/highPrecisionTimer ./nbody2 --n=50000000 < /dev/null]
[Reporting processes with top 5 highest cpu usages]
USER         PID %CPU COMMAND
ubuntu    234638 12.4 python3 $HOMEchapel/util/test/sub_test.py $HOMEchapel/bin/linux64-riscv64/chpl
root         204  7.6 [irq/79-fusb303b_interrupt_int_n]
ubuntu    241248  200 ps ax -o user,pid,pcpu,command
root       80201  0.1 /usr/bin/es-bmcd
ubuntu    241249  0.0 tail -n +2
[Elapsed execution time for "studies/shootout/submitted/nbody2" - 26.779 seconds]
[Executing $HOMEchapel/util/test/computePerfStats nbody-submitted $HOMEchapel/test/perfdat/clbg_comparison nbody2.perfkeys nbody2.exec.out.tmp False 07/28/26]
Using set date 07/28/26
Checking for /-?[0-9.]+/ on line 1...
SUCCESS
Checking for /-?[0-9.]+/ on line 2...
SUCCESS
Looking for real...found it: 26.57
[Success matching performance keys for studies/shootout/submitted/nbody2]
[Executing program $HOMEchapel/util/test/timers/highPrecisionTimer ./nbody2 --n=50000000 < /dev/null]
[Reporting processes with top 5 highest cpu usages]
USER         PID %CPU COMMAND
ubuntu    234638 12.3 python3 $HOMEchapel/util/test/sub_test.py $HOMEchapel/bin/linux64-riscv64/chpl
root         204  7.6 [irq/79-fusb303b_interrupt_int_n]
root       80201  0.1 /usr/bin/es-bmcd
ubuntu    241285  0.0 tail -n +2
ubuntu    119442  0.0 sshd: ubuntu@pts/1
[Elapsed execution time for "studies/shootout/submitted/nbody2" - 26.791 seconds]
[Executing $HOMEchapel/util/test/computePerfStats nbody-submitted $HOMEchapel/test/perfdat/clbg_comparison nbody2.perfkeys nbody2.exec.out.tmp False 07/28/26]
Using set date 07/28/26
Checking for /-?[0-9.]+/ on line 1...
SUCCESS
Checking for /-?[0-9.]+/ on line 2...
SUCCESS
Looking for real...found it: 26.58
[Success matching performance keys for studies/shootout/submitted/nbody2]
[Elapsed time to compile and execute all versions of "studies/shootout/submitted/nbody2" - 307.168 seconds]
[test: studies/shootout/submitted/nbody3.chpl]
[Executing compiler $HOMEchapel/bin/linux64-riscv64/chpl --fast --cc-warnings nbody3.chpl < /dev/null]
[Elapsed compilation time for "studies/shootout/submitted/nbody3" - 36.423 seconds]
[Success compiling studies/shootout/submitted/nbody3]
[Executing ./PREEXEC]
[Executing program $HOMEchapel/util/test/timers/highPrecisionTimer ./nbody3 --n=50000000 < /dev/null]
[Reporting processes with top 5 highest cpu usages]
USER         PID %CPU COMMAND
ubuntu    234638 12.0 python3 $HOMEchapel/util/test/sub_test.py $HOMEchapel/bin/linux64-riscv64/chpl
root         204  7.5 [irq/79-fusb303b_interrupt_int_n]
root       80201  0.1 /usr/bin/es-bmcd
ubuntu    241486  0.0 tail -n +2
ubuntu    119442  0.0 sshd: ubuntu@pts/1
[Elapsed execution time for "studies/shootout/submitted/nbody3" - 24.917 seconds]
[Executing $HOMEchapel/util/test/computePerfStats nbody3 $HOMEchapel/test/perfdat/clbg_comparison nbody3.perfkeys nbody3.exec.out.tmp False 07/28/26]
Using set date 07/28/26
Checking for /-?[0-9.]+/ on line 1...
SUCCESS
Checking for /-?[0-9.]+/ on line 2...
SUCCESS
Looking for real...found it: 24.71
[Success matching performance keys for studies/shootout/submitted/nbody3]
[Executing program $HOMEchapel/util/test/timers/highPrecisionTimer ./nbody3 --n=50000000 < /dev/null]
[Reporting processes with top 5 highest cpu usages]
USER         PID %CPU COMMAND
ubuntu    234638 12.0 python3 $HOMEchapel/util/test/sub_test.py $HOMEchapel/bin/linux64-riscv64/chpl
root         204  7.5 [irq/79-fusb303b_interrupt_int_n]
root       80201  0.1 /usr/bin/es-bmcd
ubuntu    241522  0.0 tail -n +2
ubuntu    119442  0.0 sshd: ubuntu@pts/1
[Elapsed execution time for "studies/shootout/submitted/nbody3" - 24.894 seconds]
[Executing $HOMEchapel/util/test/computePerfStats nbody3 $HOMEchapel/test/perfdat/clbg_comparison nbody3.perfkeys nbody3.exec.out.tmp False 07/28/26]
Using set date 07/28/26
Checking for /-?[0-9.]+/ on line 1...
SUCCESS
Checking for /-?[0-9.]+/ on line 2...
SUCCESS
Looking for real...found it: 24.69
[Success matching performance keys for studies/shootout/submitted/nbody3]
[Executing program $HOMEchapel/util/test/timers/highPrecisionTimer ./nbody3 --n=50000000 < /dev/null]
[Reporting processes with top 5 highest cpu usages]
USER         PID %CPU COMMAND
ubuntu    234638 11.9 python3 $HOMEchapel/util/test/sub_test.py $HOMEchapel/bin/linux64-riscv64/chpl
root         204  7.5 [irq/79-fusb303b_interrupt_int_n]
ubuntu    241557  200 ps ax -o user,pid,pcpu,command
root       80201  0.1 /usr/bin/es-bmcd
ubuntu    241558  0.0 tail -n +2
[Elapsed execution time for "studies/shootout/submitted/nbody3" - 24.907 seconds]
[Executing $HOMEchapel/util/test/computePerfStats nbody3 $HOMEchapel/test/perfdat/clbg_comparison nbody3.perfkeys nbody3.exec.out.tmp False 07/28/26]
Using set date 07/28/26
Checking for /-?[0-9.]+/ on line 1...
SUCCESS
Checking for /-?[0-9.]+/ on line 2...
SUCCESS
Looking for real...found it: 24.69
[Success matching performance keys for studies/shootout/submitted/nbody3]
[Executing program $HOMEchapel/util/test/timers/highPrecisionTimer ./nbody3 --n=50000000 < /dev/null]
[Reporting processes with top 5 highest cpu usages]
USER         PID %CPU COMMAND
ubuntu    234638 11.8 python3 $HOMEchapel/util/test/sub_test.py $HOMEchapel/bin/linux64-riscv64/chpl
root         204  7.5 [irq/79-fusb303b_interrupt_int_n]
root       80201  0.1 /usr/bin/es-bmcd
ubuntu    241594  0.0 tail -n +2
ubuntu    119442  0.0 sshd: ubuntu@pts/1
[Elapsed execution time for "studies/shootout/submitted/nbody3" - 24.992 seconds]
[Executing $HOMEchapel/util/test/computePerfStats nbody3 $HOMEchapel/test/perfdat/clbg_comparison nbody3.perfkeys nbody3.exec.out.tmp False 07/28/26]
Using set date 07/28/26
Checking for /-?[0-9.]+/ on line 1...
SUCCESS
Checking for /-?[0-9.]+/ on line 2...
SUCCESS
Looking for real...found it: 24.77
[Success matching performance keys for studies/shootout/submitted/nbody3]
[Executing program $HOMEchapel/util/test/timers/highPrecisionTimer ./nbody3 --n=50000000 < /dev/null]
[Reporting processes with top 5 highest cpu usages]
USER         PID %CPU COMMAND
ubuntu    234638 11.7 python3 $HOMEchapel/util/test/sub_test.py $HOMEchapel/bin/linux64-riscv64/chpl
root         204  7.5 [irq/79-fusb303b_interrupt_int_n]
ubuntu    241629  200 ps ax -o user,pid,pcpu,command
root       80201  0.1 /usr/bin/es-bmcd
ubuntu    241630  0.0 tail -n +2
[Elapsed execution time for "studies/shootout/submitted/nbody3" - 24.829 seconds]
[Executing $HOMEchapel/util/test/computePerfStats nbody3 $HOMEchapel/test/perfdat/clbg_comparison nbody3.perfkeys nbody3.exec.out.tmp False 07/28/26]
Using set date 07/28/26
Checking for /-?[0-9.]+/ on line 1...
SUCCESS
Checking for /-?[0-9.]+/ on line 2...
SUCCESS
Looking for real...found it: 24.62
[Success matching performance keys for studies/shootout/submitted/nbody3]
[Executing program $HOMEchapel/util/test/timers/highPrecisionTimer ./nbody3 --n=50000000 < /dev/null]
[Reporting processes with top 5 highest cpu usages]
USER         PID %CPU COMMAND
ubuntu    234638 11.6 python3 $HOMEchapel/util/test/sub_test.py $HOMEchapel/bin/linux64-riscv64/chpl
root         204  7.5 [irq/79-fusb303b_interrupt_int_n]
ubuntu    241665  200 ps ax -o user,pid,pcpu,command
root       80201  0.1 /usr/bin/es-bmcd
ubuntu    241666  0.0 tail -n +2
[Elapsed execution time for "studies/shootout/submitted/nbody3" - 24.940 seconds]
[Executing $HOMEchapel/util/test/computePerfStats nbody3 $HOMEchapel/test/perfdat/clbg_comparison nbody3.perfkeys nbody3.exec.out.tmp False 07/28/26]
Using set date 07/28/26
Checking for /-?[0-9.]+/ on line 1...
SUCCESS
Checking for /-?[0-9.]+/ on line 2...
SUCCESS
Looking for real...found it: 24.72
[Success matching performance keys for studies/shootout/submitted/nbody3]
[Executing program $HOMEchapel/util/test/timers/highPrecisionTimer ./nbody3 --n=50000000 < /dev/null]
[Reporting processes with top 5 highest cpu usages]
USER         PID %CPU COMMAND
ubuntu    234638 11.6 python3 $HOMEchapel/util/test/sub_test.py $HOMEchapel/bin/linux64-riscv64/chpl
root         204  7.5 [irq/79-fusb303b_interrupt_int_n]
ubuntu    241701  200 ps ax -o user,pid,pcpu,command
root       80201  0.1 /usr/bin/es-bmcd
ubuntu    241702  0.0 tail -n +2
[Elapsed execution time for "studies/shootout/submitted/nbody3" - 24.862 seconds]
[Executing $HOMEchapel/util/test/computePerfStats nbody3 $HOMEchapel/test/perfdat/clbg_comparison nbody3.perfkeys nbody3.exec.out.tmp False 07/28/26]
Using set date 07/28/26
Checking for /-?[0-9.]+/ on line 1...
SUCCESS
Checking for /-?[0-9.]+/ on line 2...
SUCCESS
Looking for real...found it: 24.65
[Success matching performance keys for studies/shootout/submitted/nbody3]
[Executing program $HOMEchapel/util/test/timers/highPrecisionTimer ./nbody3 --n=50000000 < /dev/null]
[Reporting processes with top 5 highest cpu usages]
USER         PID %CPU COMMAND
ubuntu    234638 11.5 python3 $HOMEchapel/util/test/sub_test.py $HOMEchapel/bin/linux64-riscv64/chpl
root         204  7.5 [irq/79-fusb303b_interrupt_int_n]
root       80201  0.1 /usr/bin/es-bmcd
ubuntu    241742  0.0 tail -n +2
ubuntu    119442  0.0 sshd: ubuntu@pts/1
[Elapsed execution time for "studies/shootout/submitted/nbody3" - 24.943 seconds]
[Executing $HOMEchapel/util/test/computePerfStats nbody3 $HOMEchapel/test/perfdat/clbg_comparison nbody3.perfkeys nbody3.exec.out.tmp False 07/28/26]
Using set date 07/28/26
Checking for /-?[0-9.]+/ on line 1...
SUCCESS
Checking for /-?[0-9.]+/ on line 2...
SUCCESS
Looking for real...found it: 24.74
[Success matching performance keys for studies/shootout/submitted/nbody3]
[Executing program $HOMEchapel/util/test/timers/highPrecisionTimer ./nbody3 --n=50000000 < /dev/null]
[Reporting processes with top 5 highest cpu usages]
USER         PID %CPU COMMAND
ubuntu    234638 11.4 python3 $HOMEchapel/util/test/sub_test.py $HOMEchapel/bin/linux64-riscv64/chpl
root         204  7.5 [irq/79-fusb303b_interrupt_int_n]
root       80201  0.1 /usr/bin/es-bmcd
ubuntu    241779  0.0 tail -n +2
ubuntu    119442  0.0 sshd: ubuntu@pts/1
[Elapsed execution time for "studies/shootout/submitted/nbody3" - 24.900 seconds]
[Executing $HOMEchapel/util/test/computePerfStats nbody3 $HOMEchapel/test/perfdat/clbg_comparison nbody3.perfkeys nbody3.exec.out.tmp False 07/28/26]
Using set date 07/28/26
Checking for /-?[0-9.]+/ on line 1...
SUCCESS
Checking for /-?[0-9.]+/ on line 2...
SUCCESS
Looking for real...found it: 24.69
[Success matching performance keys for studies/shootout/submitted/nbody3]
[Executing program $HOMEchapel/util/test/timers/highPrecisionTimer ./nbody3 --n=50000000 < /dev/null]
[Reporting processes with top 5 highest cpu usages]
USER         PID %CPU COMMAND
ubuntu    234638 11.3 python3 $HOMEchapel/util/test/sub_test.py $HOMEchapel/bin/linux64-riscv64/chpl
root         204  7.5 [irq/79-fusb303b_interrupt_int_n]
root       80201  0.1 /usr/bin/es-bmcd
ubuntu    241823  0.0 tail -n +2
ubuntu    119442  0.0 sshd: ubuntu@pts/1
[Elapsed execution time for "studies/shootout/submitted/nbody3" - 24.842 seconds]
[Executing $HOMEchapel/util/test/computePerfStats nbody3 $HOMEchapel/test/perfdat/clbg_comparison nbody3.perfkeys nbody3.exec.out.tmp False 07/28/26]
Using set date 07/28/26
Checking for /-?[0-9.]+/ on line 1...
SUCCESS
Checking for /-?[0-9.]+/ on line 2...
SUCCESS
Looking for real...found it: 24.63
[Success matching performance keys for studies/shootout/submitted/nbody3]
[Elapsed time to compile and execute all versions of "studies/shootout/submitted/nbody3" - 287.018 seconds]
[test: studies/shootout/submitted/nbody4.chpl]
[Executing compiler $HOMEchapel/bin/linux64-riscv64/chpl --fast --cc-warnings nbody4.chpl < /dev/null]
[Elapsed compilation time for "studies/shootout/submitted/nbody4" - 36.371 seconds]
[Success compiling studies/shootout/submitted/nbody4]
[Executing ./PREEXEC]
[Executing program $HOMEchapel/util/test/timers/highPrecisionTimer ./nbody4 --n=50000000 < /dev/null]
[Reporting processes with top 5 highest cpu usages]
USER         PID %CPU COMMAND
ubuntu    234638 11.1 python3 $HOMEchapel/util/test/sub_test.py $HOMEchapel/bin/linux64-riscv64/chpl
root         204  7.5 [irq/79-fusb303b_interrupt_int_n]
root       80201  0.1 /usr/bin/es-bmcd
ubuntu    242015  0.0 tail -n +2
ubuntu    119442  0.0 sshd: ubuntu@pts/1
[Elapsed execution time for "studies/shootout/submitted/nbody4" - 26.075 seconds]
[Executing $HOMEchapel/util/test/computePerfStats nbody4 $HOMEchapel/test/perfdat/clbg_comparison nbody4.perfkeys nbody4.exec.out.tmp False 07/28/26]
Using set date 07/28/26
Checking for /-?[0-9.]+/ on line 1...
SUCCESS
Checking for /-?[0-9.]+/ on line 2...
SUCCESS
Looking for real...found it: 25.87
[Success matching performance keys for studies/shootout/submitted/nbody4]
[Executing program $HOMEchapel/util/test/timers/highPrecisionTimer ./nbody4 --n=50000000 < /dev/null]
[Reporting processes with top 5 highest cpu usages]
USER         PID %CPU COMMAND
ubuntu    234638 11.1 python3 $HOMEchapel/util/test/sub_test.py $HOMEchapel/bin/linux64-riscv64/chpl
root         204  7.5 [irq/79-fusb303b_interrupt_int_n]
root       80201  0.1 /usr/bin/es-bmcd
ubuntu    242056  0.0 tail -n +2
ubuntu    119442  0.0 sshd: ubuntu@pts/1
[Elapsed execution time for "studies/shootout/submitted/nbody4" - 26.076 seconds]
[Executing $HOMEchapel/util/test/computePerfStats nbody4 $HOMEchapel/test/perfdat/clbg_comparison nbody4.perfkeys nbody4.exec.out.tmp False 07/28/26]
Using set date 07/28/26
Checking for /-?[0-9.]+/ on line 1...
SUCCESS
Checking for /-?[0-9.]+/ on line 2...
SUCCESS
Looking for real...found it: 25.87
[Success matching performance keys for studies/shootout/submitted/nbody4]
[Executing program $HOMEchapel/util/test/timers/highPrecisionTimer ./nbody4 --n=50000000 < /dev/null]
[Reporting processes with top 5 highest cpu usages]
USER         PID %CPU COMMAND
ubuntu    234638 11.0 python3 $HOMEchapel/util/test/sub_test.py $HOMEchapel/bin/linux64-riscv64/chpl
root         204  7.5 [irq/79-fusb303b_interrupt_int_n]
root       80201  0.1 /usr/bin/es-bmcd
ubuntu    242092  0.0 tail -n +2
ubuntu    119442  0.0 sshd: ubuntu@pts/1
[Elapsed execution time for "studies/shootout/submitted/nbody4" - 26.067 seconds]
[Executing $HOMEchapel/util/test/computePerfStats nbody4 $HOMEchapel/test/perfdat/clbg_comparison nbody4.perfkeys nbody4.exec.out.tmp False 07/28/26]
Using set date 07/28/26
Checking for /-?[0-9.]+/ on line 1...
SUCCESS
Checking for /-?[0-9.]+/ on line 2...
SUCCESS
Looking for real...found it: 25.86
[Success matching performance keys for studies/shootout/submitted/nbody4]
[Executing program $HOMEchapel/util/test/timers/highPrecisionTimer ./nbody4 --n=50000000 < /dev/null]
[Reporting processes with top 5 highest cpu usages]
USER         PID %CPU COMMAND
ubuntu    234638 10.9 python3 $HOMEchapel/util/test/sub_test.py $HOMEchapel/bin/linux64-riscv64/chpl
root         204  7.5 [irq/79-fusb303b_interrupt_int_n]
root       80201  0.1 /usr/bin/es-bmcd
ubuntu    242128  0.0 tail -n +2
ubuntu    119442  0.0 sshd: ubuntu@pts/1
[Elapsed execution time for "studies/shootout/submitted/nbody4" - 26.098 seconds]
[Executing $HOMEchapel/util/test/computePerfStats nbody4 $HOMEchapel/test/perfdat/clbg_comparison nbody4.perfkeys nbody4.exec.out.tmp False 07/28/26]
Using set date 07/28/26
Checking for /-?[0-9.]+/ on line 1...
SUCCESS
Checking for /-?[0-9.]+/ on line 2...
SUCCESS
Looking for real...found it: 25.88
[Success matching performance keys for studies/shootout/submitted/nbody4]
[Executing program $HOMEchapel/util/test/timers/highPrecisionTimer ./nbody4 --n=50000000 < /dev/null]
[Reporting processes with top 5 highest cpu usages]
USER         PID %CPU COMMAND
ubuntu    234638 10.8 python3 $HOMEchapel/util/test/sub_test.py $HOMEchapel/bin/linux64-riscv64/chpl
root         204  7.5 [irq/79-fusb303b_interrupt_int_n]
ubuntu    242163  200 ps ax -o user,pid,pcpu,command
root       80201  0.1 /usr/bin/es-bmcd
ubuntu    242164  0.0 tail -n +2
[Elapsed execution time for "studies/shootout/submitted/nbody4" - 26.086 seconds]
[Executing $HOMEchapel/util/test/computePerfStats nbody4 $HOMEchapel/test/perfdat/clbg_comparison nbody4.perfkeys nbody4.exec.out.tmp False 07/28/26]
Using set date 07/28/26
Checking for /-?[0-9.]+/ on line 1...
SUCCESS
Checking for /-?[0-9.]+/ on line 2...
SUCCESS
Looking for real...found it: 25.87
[Success matching performance keys for studies/shootout/submitted/nbody4]
[Executing program $HOMEchapel/util/test/timers/highPrecisionTimer ./nbody4 --n=50000000 < /dev/null]
[Reporting processes with top 5 highest cpu usages]
USER         PID %CPU COMMAND
ubuntu    234638 10.8 python3 $HOMEchapel/util/test/sub_test.py $HOMEchapel/bin/linux64-riscv64/chpl
root         204  7.5 [irq/79-fusb303b_interrupt_int_n]
root       80201  0.1 /usr/bin/es-bmcd
ubuntu    242200  0.0 tail -n +2
ubuntu    119442  0.0 sshd: ubuntu@pts/1
[Elapsed execution time for "studies/shootout/submitted/nbody4" - 26.086 seconds]
[Executing $HOMEchapel/util/test/computePerfStats nbody4 $HOMEchapel/test/perfdat/clbg_comparison nbody4.perfkeys nbody4.exec.out.tmp False 07/28/26]
Using set date 07/28/26
Checking for /-?[0-9.]+/ on line 1...
SUCCESS
Checking for /-?[0-9.]+/ on line 2...
SUCCESS
Looking for real...found it: 25.88
[Success matching performance keys for studies/shootout/submitted/nbody4]
[Executing program $HOMEchapel/util/test/timers/highPrecisionTimer ./nbody4 --n=50000000 < /dev/null]
[Reporting processes with top 5 highest cpu usages]
USER         PID %CPU COMMAND
ubuntu    234638 10.7 python3 $HOMEchapel/util/test/sub_test.py $HOMEchapel/bin/linux64-riscv64/chpl
root         204  7.5 [irq/79-fusb303b_interrupt_int_n]
root       80201  0.1 /usr/bin/es-bmcd
ubuntu    242240  0.0 tail -n +2
ubuntu    119442  0.0 sshd: ubuntu@pts/1
[Elapsed execution time for "studies/shootout/submitted/nbody4" - 26.070 seconds]
[Executing $HOMEchapel/util/test/computePerfStats nbody4 $HOMEchapel/test/perfdat/clbg_comparison nbody4.perfkeys nbody4.exec.out.tmp False 07/28/26]
Using set date 07/28/26
Checking for /-?[0-9.]+/ on line 1...
SUCCESS
Checking for /-?[0-9.]+/ on line 2...
SUCCESS
Looking for real...found it: 25.86
[Success matching performance keys for studies/shootout/submitted/nbody4]
[Executing program $HOMEchapel/util/test/timers/highPrecisionTimer ./nbody4 --n=50000000 < /dev/null]
[Reporting processes with top 5 highest cpu usages]
USER         PID %CPU COMMAND
ubuntu    234638 10.6 python3 $HOMEchapel/util/test/sub_test.py $HOMEchapel/bin/linux64-riscv64/chpl
root         204  7.5 [irq/79-fusb303b_interrupt_int_n]
root       80201  0.1 /usr/bin/es-bmcd
ubuntu    242280  0.0 tail -n +2
ubuntu    119442  0.0 sshd: ubuntu@pts/1
[Elapsed execution time for "studies/shootout/submitted/nbody4" - 26.085 seconds]
[Executing $HOMEchapel/util/test/computePerfStats nbody4 $HOMEchapel/test/perfdat/clbg_comparison nbody4.perfkeys nbody4.exec.out.tmp False 07/28/26]
Using set date 07/28/26
Checking for /-?[0-9.]+/ on line 1...
SUCCESS
Checking for /-?[0-9.]+/ on line 2...
SUCCESS
Looking for real...found it: 25.87
[Success matching performance keys for studies/shootout/submitted/nbody4]
[Executing program $HOMEchapel/util/test/timers/highPrecisionTimer ./nbody4 --n=50000000 < /dev/null]
[Reporting processes with top 5 highest cpu usages]
USER         PID %CPU COMMAND
ubuntu    234638 10.6 python3 $HOMEchapel/util/test/sub_test.py $HOMEchapel/bin/linux64-riscv64/chpl
root         204  7.5 [irq/79-fusb303b_interrupt_int_n]
ubuntu    242315  200 ps ax -o user,pid,pcpu,command
root       80201  0.1 /usr/bin/es-bmcd
ubuntu    242316  0.0 tail -n +2
[Elapsed execution time for "studies/shootout/submitted/nbody4" - 26.074 seconds]
[Executing $HOMEchapel/util/test/computePerfStats nbody4 $HOMEchapel/test/perfdat/clbg_comparison nbody4.perfkeys nbody4.exec.out.tmp False 07/28/26]
Using set date 07/28/26
Checking for /-?[0-9.]+/ on line 1...
SUCCESS
Checking for /-?[0-9.]+/ on line 2...
SUCCESS
Looking for real...found it: 25.86
[Success matching performance keys for studies/shootout/submitted/nbody4]
[Executing program $HOMEchapel/util/test/timers/highPrecisionTimer ./nbody4 --n=50000000 < /dev/null]
[Reporting processes with top 5 highest cpu usages]
USER         PID %CPU COMMAND
ubuntu    234638 10.5 python3 $HOMEchapel/util/test/sub_test.py $HOMEchapel/bin/linux64-riscv64/chpl
root         204  7.5 [irq/79-fusb303b_interrupt_int_n]
root       80201  0.1 /usr/bin/es-bmcd
ubuntu    242354  0.0 tail -n +2
ubuntu    119442  0.0 sshd: ubuntu@pts/1
[Elapsed execution time for "studies/shootout/submitted/nbody4" - 26.391 seconds]
[Executing $HOMEchapel/util/test/computePerfStats nbody4 $HOMEchapel/test/perfdat/clbg_comparison nbody4.perfkeys nbody4.exec.out.tmp False 07/28/26]
Using set date 07/28/26
Checking for /-?[0-9.]+/ on line 1...
SUCCESS
Checking for /-?[0-9.]+/ on line 2...
SUCCESS
Looking for real...found it: 26.19
[Success matching performance keys for studies/shootout/submitted/nbody4]
[Elapsed time to compile and execute all versions of "studies/shootout/submitted/nbody4" - 299.054 seconds]
[test: studies/shootout/submitted/pidigits2.chpl]
[Checking skipif: pidigits2.skipif]
[Executing compiler $HOMEchapel/bin/linux64-riscv64/chpl --fast --cc-warnings pidigits2.chpl < /dev/null]
[Elapsed compilation time for "studies/shootout/submitted/pidigits2" - 35.157 seconds]
[Success compiling studies/shootout/submitted/pidigits2]
[Executing ./PREEXEC]
[Executing program $HOMEchapel/util/test/timers/highPrecisionTimer ./pidigits2 --n=10000 < /dev/null]
[Reporting processes with top 5 highest cpu usages]
USER         PID %CPU COMMAND
ubuntu    234638 10.4 python3 $HOMEchapel/util/test/sub_test.py $HOMEchapel/bin/linux64-riscv64/chpl
root         204  7.5 [irq/79-fusb303b_interrupt_int_n]
ubuntu    242593  200 ps ax -o user,pid,pcpu,command
root       80201  0.1 /usr/bin/es-bmcd
ubuntu    242594  0.0 tail -n +2
[Elapsed execution time for "studies/shootout/submitted/pidigits2" - 3.153 seconds]
[Executing $HOMEchapel/util/test/computePerfStats pidigits2-submitted $HOMEchapel/test/perfdat/clbg_comparison pidigits2.perfkeys pidigits2.exec.out.tmp False 07/28/26]
Using set date 07/28/26
Checking for /5525637567\t:10000/ on line -4...
SUCCESS
Looking for real...found it: 2.948
[Success matching performance keys for studies/shootout/submitted/pidigits2]
[Executing program $HOMEchapel/util/test/timers/highPrecisionTimer ./pidigits2 --n=10000 < /dev/null]
[Reporting processes with top 5 highest cpu usages]
USER         PID %CPU COMMAND
ubuntu    234638 10.4 python3 $HOMEchapel/util/test/sub_test.py $HOMEchapel/bin/linux64-riscv64/chpl
root         204  7.5 [irq/79-fusb303b_interrupt_int_n]
ubuntu    242613  200 ps ax -o user,pid,pcpu,command
root       80201  0.1 /usr/bin/es-bmcd
ubuntu    242614  0.0 tail -n +2
[Elapsed execution time for "studies/shootout/submitted/pidigits2" - 3.158 seconds]
[Executing $HOMEchapel/util/test/computePerfStats pidigits2-submitted $HOMEchapel/test/perfdat/clbg_comparison pidigits2.perfkeys pidigits2.exec.out.tmp False 07/28/26]
Using set date 07/28/26
Checking for /5525637567\t:10000/ on line -4...
SUCCESS
Looking for real...found it: 2.947
[Success matching performance keys for studies/shootout/submitted/pidigits2]
[Executing program $HOMEchapel/util/test/timers/highPrecisionTimer ./pidigits2 --n=10000 < /dev/null]
[Reporting processes with top 5 highest cpu usages]
USER         PID %CPU COMMAND
ubuntu    234638 10.4 python3 $HOMEchapel/util/test/sub_test.py $HOMEchapel/bin/linux64-riscv64/chpl
root         204  7.5 [irq/79-fusb303b_interrupt_int_n]
ubuntu    242633  200 ps ax -o user,pid,pcpu,command
root       80201  0.1 /usr/bin/es-bmcd
ubuntu    242634  0.0 tail -n +2
[Elapsed execution time for "studies/shootout/submitted/pidigits2" - 3.170 seconds]
[Executing $HOMEchapel/util/test/computePerfStats pidigits2-submitted $HOMEchapel/test/perfdat/clbg_comparison pidigits2.perfkeys pidigits2.exec.out.tmp False 07/28/26]
Using set date 07/28/26
Checking for /5525637567\t:10000/ on line -4...
SUCCESS
Looking for real...found it: 2.952
[Success matching performance keys for studies/shootout/submitted/pidigits2]
[Executing program $HOMEchapel/util/test/timers/highPrecisionTimer ./pidigits2 --n=10000 < /dev/null]
[Reporting processes with top 5 highest cpu usages]
USER         PID %CPU COMMAND
ubuntu    234638 10.4 python3 $HOMEchapel/util/test/sub_test.py $HOMEchapel/bin/linux64-riscv64/chpl
root         204  7.5 [irq/79-fusb303b_interrupt_int_n]
root       80201  0.1 /usr/bin/es-bmcd
ubuntu    242650  0.0 tail -n +2
ubuntu    119442  0.0 sshd: ubuntu@pts/1
[Elapsed execution time for "studies/shootout/submitted/pidigits2" - 3.162 seconds]
[Executing $HOMEchapel/util/test/computePerfStats pidigits2-submitted $HOMEchapel/test/perfdat/clbg_comparison pidigits2.perfkeys pidigits2.exec.out.tmp False 07/28/26]
Using set date 07/28/26
Checking for /5525637567\t:10000/ on line -4...
SUCCESS
Looking for real...found it: 2.947
[Success matching performance keys for studies/shootout/submitted/pidigits2]
[Executing program $HOMEchapel/util/test/timers/highPrecisionTimer ./pidigits2 --n=10000 < /dev/null]
[Reporting processes with top 5 highest cpu usages]
USER         PID %CPU COMMAND
ubuntu    234638 10.4 python3 $HOMEchapel/util/test/sub_test.py $HOMEchapel/bin/linux64-riscv64/chpl
root         204  7.5 [irq/79-fusb303b_interrupt_int_n]
ubuntu    242669  200 ps ax -o user,pid,pcpu,command
root       80201  0.1 /usr/bin/es-bmcd
ubuntu    242670  0.0 tail -n +2
[Elapsed execution time for "studies/shootout/submitted/pidigits2" - 3.161 seconds]
[Executing $HOMEchapel/util/test/computePerfStats pidigits2-submitted $HOMEchapel/test/perfdat/clbg_comparison pidigits2.perfkeys pidigits2.exec.out.tmp False 07/28/26]
Using set date 07/28/26
Checking for /5525637567\t:10000/ on line -4...
SUCCESS
Looking for real...found it: 2.946
[Success matching performance keys for studies/shootout/submitted/pidigits2]
[Executing program $HOMEchapel/util/test/timers/highPrecisionTimer ./pidigits2 --n=10000 < /dev/null]
[Reporting processes with top 5 highest cpu usages]
USER         PID %CPU COMMAND
ubuntu    234638 10.3 python3 $HOMEchapel/util/test/sub_test.py $HOMEchapel/bin/linux64-riscv64/chpl
root         204  7.5 [irq/79-fusb303b_interrupt_int_n]
root       80201  0.1 /usr/bin/es-bmcd
ubuntu    242690  0.0 tail -n +2
ubuntu    119442  0.0 sshd: ubuntu@pts/1
[Elapsed execution time for "studies/shootout/submitted/pidigits2" - 3.151 seconds]
[Executing $HOMEchapel/util/test/computePerfStats pidigits2-submitted $HOMEchapel/test/perfdat/clbg_comparison pidigits2.perfkeys pidigits2.exec.out.tmp False 07/28/26]
Using set date 07/28/26
Checking for /5525637567\t:10000/ on line -4...
SUCCESS
Looking for real...found it: 2.946
[Success matching performance keys for studies/shootout/submitted/pidigits2]
[Executing program $HOMEchapel/util/test/timers/highPrecisionTimer ./pidigits2 --n=10000 < /dev/null]
[Reporting processes with top 5 highest cpu usages]
USER         PID %CPU COMMAND
ubuntu    234638 10.3 python3 $HOMEchapel/util/test/sub_test.py $HOMEchapel/bin/linux64-riscv64/chpl
root         204  7.5 [irq/79-fusb303b_interrupt_int_n]
root       80201  0.1 /usr/bin/es-bmcd
ubuntu    242706  0.0 tail -n +2
ubuntu    119442  0.0 sshd: ubuntu@pts/1
[Elapsed execution time for "studies/shootout/submitted/pidigits2" - 3.150 seconds]
[Executing $HOMEchapel/util/test/computePerfStats pidigits2-submitted $HOMEchapel/test/perfdat/clbg_comparison pidigits2.perfkeys pidigits2.exec.out.tmp False 07/28/26]
Using set date 07/28/26
Checking for /5525637567\t:10000/ on line -4...
SUCCESS
Looking for real...found it: 2.947
[Success matching performance keys for studies/shootout/submitted/pidigits2]
[Executing program $HOMEchapel/util/test/timers/highPrecisionTimer ./pidigits2 --n=10000 < /dev/null]
[Reporting processes with top 5 highest cpu usages]
USER         PID %CPU COMMAND
ubuntu    234638 10.3 python3 $HOMEchapel/util/test/sub_test.py $HOMEchapel/bin/linux64-riscv64/chpl
root         204  7.5 [irq/79-fusb303b_interrupt_int_n]
ubuntu    242725  300 ps ax -o user,pid,pcpu,command
root       80201  0.1 /usr/bin/es-bmcd
ubuntu    242726  0.0 tail -n +2
[Elapsed execution time for "studies/shootout/submitted/pidigits2" - 3.167 seconds]
[Executing $HOMEchapel/util/test/computePerfStats pidigits2-submitted $HOMEchapel/test/perfdat/clbg_comparison pidigits2.perfkeys pidigits2.exec.out.tmp False 07/28/26]
Using set date 07/28/26
Checking for /5525637567\t:10000/ on line -4...
SUCCESS
Looking for real...found it: 2.949
[Success matching performance keys for studies/shootout/submitted/pidigits2]
[Executing program $HOMEchapel/util/test/timers/highPrecisionTimer ./pidigits2 --n=10000 < /dev/null]
[Reporting processes with top 5 highest cpu usages]
USER         PID %CPU COMMAND
ubuntu    234638 10.3 python3 $HOMEchapel/util/test/sub_test.py $HOMEchapel/bin/linux64-riscv64/chpl
root         204  7.5 [irq/79-fusb303b_interrupt_int_n]
ubuntu    242745  200 ps ax -o user,pid,pcpu,command
root       80201  0.1 /usr/bin/es-bmcd
ubuntu    242746  0.0 tail -n +2
[Elapsed execution time for "studies/shootout/submitted/pidigits2" - 3.155 seconds]
[Executing $HOMEchapel/util/test/computePerfStats pidigits2-submitted $HOMEchapel/test/perfdat/clbg_comparison pidigits2.perfkeys pidigits2.exec.out.tmp False 07/28/26]
Using set date 07/28/26
Checking for /5525637567\t:10000/ on line -4...
SUCCESS
Looking for real...found it: 2.949
[Success matching performance keys for studies/shootout/submitted/pidigits2]
[Executing program $HOMEchapel/util/test/timers/highPrecisionTimer ./pidigits2 --n=10000 < /dev/null]
[Reporting processes with top 5 highest cpu usages]
USER         PID %CPU COMMAND
ubuntu    234638 10.3 python3 $HOMEchapel/util/test/sub_test.py $HOMEchapel/bin/linux64-riscv64/chpl
root         204  7.5 [irq/79-fusb303b_interrupt_int_n]
root       80201  0.1 /usr/bin/es-bmcd
ubuntu    242762  0.0 tail -n +2
ubuntu    119442  0.0 sshd: ubuntu@pts/1
[Elapsed execution time for "studies/shootout/submitted/pidigits2" - 3.153 seconds]
[Executing $HOMEchapel/util/test/computePerfStats pidigits2-submitted $HOMEchapel/test/perfdat/clbg_comparison pidigits2.perfkeys pidigits2.exec.out.tmp False 07/28/26]
Using set date 07/28/26
Checking for /5525637567\t:10000/ on line -4...
SUCCESS
Looking for real...found it: 2.948
[Success matching performance keys for studies/shootout/submitted/pidigits2]
[Elapsed time to compile and execute all versions of "studies/shootout/submitted/pidigits2" - 68.323 seconds]
[test: studies/shootout/submitted/pidigits4.chpl]
[Checking skipif: pidigits4.skipif]
[Executing compiler $HOMEchapel/bin/linux64-riscv64/chpl --fast --cc-warnings pidigits4.chpl < /dev/null]
[Elapsed compilation time for "studies/shootout/submitted/pidigits4" - 35.237 seconds]
[Success compiling studies/shootout/submitted/pidigits4]
[Executing ./PREEXEC]
[Executing program $HOMEchapel/util/test/timers/highPrecisionTimer ./pidigits4 --n=10000 < /dev/null]
[Reporting processes with top 5 highest cpu usages]
USER         PID %CPU COMMAND
ubuntu    234638 10.2 python3 $HOMEchapel/util/test/sub_test.py $HOMEchapel/bin/linux64-riscv64/chpl
root         204  7.5 [irq/79-fusb303b_interrupt_int_n]
ubuntu    242999  200 ps ax -o user,pid,pcpu,command
root       80201  0.1 /usr/bin/es-bmcd
ubuntu    243000  0.0 tail -n +2
[Elapsed execution time for "studies/shootout/submitted/pidigits4" - 3.151 seconds]
[Executing $HOMEchapel/util/test/computePerfStats pidigits4-submitted $HOMEchapel/test/perfdat/clbg_comparison pidigits4.perfkeys pidigits4.exec.out.tmp False 07/28/26]
Using set date 07/28/26
Checking for /5525637567\t:10000/ on any line...
SUCCESS
Looking for real...found it: 2.945
[Success matching performance keys for studies/shootout/submitted/pidigits4]
[Executing program $HOMEchapel/util/test/timers/highPrecisionTimer ./pidigits4 --n=10000 < /dev/null]
[Reporting processes with top 5 highest cpu usages]
USER         PID %CPU COMMAND
ubuntu    234638 10.2 python3 $HOMEchapel/util/test/sub_test.py $HOMEchapel/bin/linux64-riscv64/chpl
root         204  7.5 [irq/79-fusb303b_interrupt_int_n]
root       80201  0.1 /usr/bin/es-bmcd
ubuntu    243020  0.0 tail -n +2
ubuntu    119442  0.0 sshd: ubuntu@pts/1
[Elapsed execution time for "studies/shootout/submitted/pidigits4" - 3.163 seconds]
[Executing $HOMEchapel/util/test/computePerfStats pidigits4-submitted $HOMEchapel/test/perfdat/clbg_comparison pidigits4.perfkeys pidigits4.exec.out.tmp False 07/28/26]
Using set date 07/28/26
Checking for /5525637567\t:10000/ on any line...
SUCCESS
Looking for real...found it: 2.947
[Success matching performance keys for studies/shootout/submitted/pidigits4]
[Executing program $HOMEchapel/util/test/timers/highPrecisionTimer ./pidigits4 --n=10000 < /dev/null]
[Reporting processes with top 5 highest cpu usages]
USER         PID %CPU COMMAND
ubuntu    234638 10.2 python3 $HOMEchapel/util/test/sub_test.py $HOMEchapel/bin/linux64-riscv64/chpl
root         204  7.5 [irq/79-fusb303b_interrupt_int_n]
root       80201  0.1 /usr/bin/es-bmcd
ubuntu    243036  0.0 tail -n +2
ubuntu    119442  0.0 sshd: ubuntu@pts/1
[Elapsed execution time for "studies/shootout/submitted/pidigits4" - 3.159 seconds]
[Executing $HOMEchapel/util/test/computePerfStats pidigits4-submitted $HOMEchapel/test/perfdat/clbg_comparison pidigits4.perfkeys pidigits4.exec.out.tmp False 07/28/26]
Using set date 07/28/26
Checking for /5525637567\t:10000/ on any line...
SUCCESS
Looking for real...found it: 2.944
[Success matching performance keys for studies/shootout/submitted/pidigits4]
[Executing program $HOMEchapel/util/test/timers/highPrecisionTimer ./pidigits4 --n=10000 < /dev/null]
[Reporting processes with top 5 highest cpu usages]
USER         PID %CPU COMMAND
ubuntu    234638 10.2 python3 $HOMEchapel/util/test/sub_test.py $HOMEchapel/bin/linux64-riscv64/chpl
root         204  7.5 [irq/79-fusb303b_interrupt_int_n]
ubuntu    243055  200 ps ax -o user,pid,pcpu,command
root       80201  0.1 /usr/bin/es-bmcd
ubuntu    243056  0.0 tail -n +2
[Elapsed execution time for "studies/shootout/submitted/pidigits4" - 3.159 seconds]
[Executing $HOMEchapel/util/test/computePerfStats pidigits4-submitted $HOMEchapel/test/perfdat/clbg_comparison pidigits4.perfkeys pidigits4.exec.out.tmp False 07/28/26]
Using set date 07/28/26
Checking for /5525637567\t:10000/ on any line...
SUCCESS
Looking for real...found it: 2.946
[Success matching performance keys for studies/shootout/submitted/pidigits4]
[Executing program $HOMEchapel/util/test/timers/highPrecisionTimer ./pidigits4 --n=10000 < /dev/null]
[Reporting processes with top 5 highest cpu usages]
USER         PID %CPU COMMAND
ubuntu    234638 10.2 python3 $HOMEchapel/util/test/sub_test.py $HOMEchapel/bin/linux64-riscv64/chpl
root         204  7.5 [irq/79-fusb303b_interrupt_int_n]
root       80201  0.1 /usr/bin/es-bmcd
ubuntu    243076  0.0 tail -n +2
ubuntu    119442  0.0 sshd: ubuntu@pts/1
[Elapsed execution time for "studies/shootout/submitted/pidigits4" - 3.147 seconds]
[Executing $HOMEchapel/util/test/computePerfStats pidigits4-submitted $HOMEchapel/test/perfdat/clbg_comparison pidigits4.perfkeys pidigits4.exec.out.tmp False 07/28/26]
Using set date 07/28/26
Checking for /5525637567\t:10000/ on any line...
SUCCESS
Looking for real...found it: 2.944
[Success matching performance keys for studies/shootout/submitted/pidigits4]
[Executing program $HOMEchapel/util/test/timers/highPrecisionTimer ./pidigits4 --n=10000 < /dev/null]
[Reporting processes with top 5 highest cpu usages]
USER         PID %CPU COMMAND
ubuntu    234638 10.2 python3 $HOMEchapel/util/test/sub_test.py $HOMEchapel/bin/linux64-riscv64/chpl
root         204  7.5 [irq/79-fusb303b_interrupt_int_n]
root       80201  0.1 /usr/bin/es-bmcd
ubuntu    243092  0.0 tail -n +2
ubuntu    119442  0.0 sshd: ubuntu@pts/1
[Elapsed execution time for "studies/shootout/submitted/pidigits4" - 3.154 seconds]
[Executing $HOMEchapel/util/test/computePerfStats pidigits4-submitted $HOMEchapel/test/perfdat/clbg_comparison pidigits4.perfkeys pidigits4.exec.out.tmp False 07/28/26]
Using set date 07/28/26
Checking for /5525637567\t:10000/ on any line...
SUCCESS
Looking for real...found it: 2.947
[Success matching performance keys for studies/shootout/submitted/pidigits4]
[Executing program $HOMEchapel/util/test/timers/highPrecisionTimer ./pidigits4 --n=10000 < /dev/null]
[Reporting processes with top 5 highest cpu usages]
USER         PID %CPU COMMAND
ubuntu    234638 10.2 python3 $HOMEchapel/util/test/sub_test.py $HOMEchapel/bin/linux64-riscv64/chpl
root         204  7.5 [irq/79-fusb303b_interrupt_int_n]
root       80201  0.1 /usr/bin/es-bmcd
ubuntu    243112  0.0 tail -n +2
ubuntu    119442  0.0 sshd: ubuntu@pts/1
[Elapsed execution time for "studies/shootout/submitted/pidigits4" - 3.160 seconds]
[Executing $HOMEchapel/util/test/computePerfStats pidigits4-submitted $HOMEchapel/test/perfdat/clbg_comparison pidigits4.perfkeys pidigits4.exec.out.tmp False 07/28/26]
Using set date 07/28/26
Checking for /5525637567\t:10000/ on any line...
SUCCESS
Looking for real...found it: 2.948
[Success matching performance keys for studies/shootout/submitted/pidigits4]
[Executing program $HOMEchapel/util/test/timers/highPrecisionTimer ./pidigits4 --n=10000 < /dev/null]
[Reporting processes with top 5 highest cpu usages]
USER         PID %CPU COMMAND
ubuntu    234638 10.2 python3 $HOMEchapel/util/test/sub_test.py $HOMEchapel/bin/linux64-riscv64/chpl
root         204  7.5 [irq/79-fusb303b_interrupt_int_n]
root       80201  0.1 /usr/bin/es-bmcd
ubuntu    243132  0.0 tail -n +2
ubuntu    119442  0.0 sshd: ubuntu@pts/1
[Elapsed execution time for "studies/shootout/submitted/pidigits4" - 3.166 seconds]
[Executing $HOMEchapel/util/test/computePerfStats pidigits4-submitted $HOMEchapel/test/perfdat/clbg_comparison pidigits4.perfkeys pidigits4.exec.out.tmp False 07/28/26]
Using set date 07/28/26
Checking for /5525637567\t:10000/ on any line...
SUCCESS
Looking for real...found it: 2.957
[Success matching performance keys for studies/shootout/submitted/pidigits4]
[Executing program $HOMEchapel/util/test/timers/highPrecisionTimer ./pidigits4 --n=10000 < /dev/null]
[Reporting processes with top 5 highest cpu usages]
USER         PID %CPU COMMAND
ubuntu    234638 10.1 python3 $HOMEchapel/util/test/sub_test.py $HOMEchapel/bin/linux64-riscv64/chpl
root         204  7.5 [irq/79-fusb303b_interrupt_int_n]
ubuntu    243147  200 ps ax -o user,pid,pcpu,command
root       80201  0.1 /usr/bin/es-bmcd
ubuntu    243148  0.0 tail -n +2
[Elapsed execution time for "studies/shootout/submitted/pidigits4" - 3.152 seconds]
[Executing $HOMEchapel/util/test/computePerfStats pidigits4-submitted $HOMEchapel/test/perfdat/clbg_comparison pidigits4.perfkeys pidigits4.exec.out.tmp False 07/28/26]
Using set date 07/28/26
Checking for /5525637567\t:10000/ on any line...
SUCCESS
Looking for real...found it: 2.944
[Success matching performance keys for studies/shootout/submitted/pidigits4]
[Executing program $HOMEchapel/util/test/timers/highPrecisionTimer ./pidigits4 --n=10000 < /dev/null]
[Reporting processes with top 5 highest cpu usages]
USER         PID %CPU COMMAND
ubuntu    234638 10.1 python3 $HOMEchapel/util/test/sub_test.py $HOMEchapel/bin/linux64-riscv64/chpl
root         204  7.5 [irq/79-fusb303b_interrupt_int_n]
root       80201  0.1 /usr/bin/es-bmcd
ubuntu    243168  0.0 tail -n +2
ubuntu    119442  0.0 sshd: ubuntu@pts/1
[Elapsed execution time for "studies/shootout/submitted/pidigits4" - 3.163 seconds]
[Executing $HOMEchapel/util/test/computePerfStats pidigits4-submitted $HOMEchapel/test/perfdat/clbg_comparison pidigits4.perfkeys pidigits4.exec.out.tmp False 07/28/26]
Using set date 07/28/26
Checking for /5525637567\t:10000/ on any line...
SUCCESS
Looking for real...found it: 2.943
[Success matching performance keys for studies/shootout/submitted/pidigits4]
[Elapsed time to compile and execute all versions of "studies/shootout/submitted/pidigits4" - 68.451 seconds]
[test: studies/shootout/submitted/pidigits5.chpl]
[Checking skipif: pidigits5.skipif]
[Executing compiler $HOMEchapel/bin/linux64-riscv64/chpl --fast --cc-warnings pidigits5.chpl < /dev/null]
[Elapsed compilation time for "studies/shootout/submitted/pidigits5" - 35.439 seconds]
[Success compiling studies/shootout/submitted/pidigits5]
[Executing ./PREEXEC]
[Executing program $HOMEchapel/util/test/timers/highPrecisionTimer ./pidigits5 --n=10000 < /dev/null]
[Reporting processes with top 5 highest cpu usages]
USER         PID %CPU COMMAND
ubuntu    234638 10.0 python3 $HOMEchapel/util/test/sub_test.py $HOMEchapel/bin/linux64-riscv64/chpl
root         204  7.5 [irq/79-fusb303b_interrupt_int_n]
root       80201  0.1 /usr/bin/es-bmcd
ubuntu    243406  0.0 tail -n +2
ubuntu    119442  0.0 sshd: ubuntu@pts/1
[Elapsed execution time for "studies/shootout/submitted/pidigits5" - 1.979 seconds]
[Executing $HOMEchapel/util/test/computePerfStats pidigits5-submitted $HOMEchapel/test/perfdat/clbg_comparison pidigits5.perfkeys pidigits5.exec.out.tmp False 07/28/26]
Using set date 07/28/26
Checking for /5525637567\t:10000/ on line -4...
SUCCESS
Looking for real...found it: 1.768
[Success matching performance keys for studies/shootout/submitted/pidigits5]
[Executing program $HOMEchapel/util/test/timers/highPrecisionTimer ./pidigits5 --n=10000 < /dev/null]
[Reporting processes with top 5 highest cpu usages]
USER         PID %CPU COMMAND
ubuntu    234638 10.0 python3 $HOMEchapel/util/test/sub_test.py $HOMEchapel/bin/linux64-riscv64/chpl
root         204  7.5 [irq/79-fusb303b_interrupt_int_n]
ubuntu    243421  200 ps ax -o user,pid,pcpu,command
root       80201  0.1 /usr/bin/es-bmcd
ubuntu    243422  0.0 tail -n +2
[Elapsed execution time for "studies/shootout/submitted/pidigits5" - 1.982 seconds]
[Executing $HOMEchapel/util/test/computePerfStats pidigits5-submitted $HOMEchapel/test/perfdat/clbg_comparison pidigits5.perfkeys pidigits5.exec.out.tmp False 07/28/26]
Using set date 07/28/26
Checking for /5525637567\t:10000/ on line -4...
SUCCESS
Looking for real...found it: 1.766
[Success matching performance keys for studies/shootout/submitted/pidigits5]
[Executing program $HOMEchapel/util/test/timers/highPrecisionTimer ./pidigits5 --n=10000 < /dev/null]
[Reporting processes with top 5 highest cpu usages]
USER         PID %CPU COMMAND
ubuntu    234638 10.0 python3 $HOMEchapel/util/test/sub_test.py $HOMEchapel/bin/linux64-riscv64/chpl
root         204  7.5 [irq/79-fusb303b_interrupt_int_n]
root       80201  0.1 /usr/bin/es-bmcd
ubuntu    243442  0.0 tail -n +2
ubuntu    119442  0.0 sshd: ubuntu@pts/1
[Elapsed execution time for "studies/shootout/submitted/pidigits5" - 1.983 seconds]
[Executing $HOMEchapel/util/test/computePerfStats pidigits5-submitted $HOMEchapel/test/perfdat/clbg_comparison pidigits5.perfkeys pidigits5.exec.out.tmp False 07/28/26]
Using set date 07/28/26
Checking for /5525637567\t:10000/ on line -4...
SUCCESS
Looking for real...found it: 1.777
[Success matching performance keys for studies/shootout/submitted/pidigits5]
[Executing program $HOMEchapel/util/test/timers/highPrecisionTimer ./pidigits5 --n=10000 < /dev/null]
[Reporting processes with top 5 highest cpu usages]
USER         PID %CPU COMMAND
ubuntu    234638 10.0 python3 $HOMEchapel/util/test/sub_test.py $HOMEchapel/bin/linux64-riscv64/chpl
root         204  7.5 [irq/79-fusb303b_interrupt_int_n]
ubuntu    243457  200 ps ax -o user,pid,pcpu,command
root       80201  0.1 /usr/bin/es-bmcd
ubuntu    243458  0.0 tail -n +2
[Elapsed execution time for "studies/shootout/submitted/pidigits5" - 1.987 seconds]
[Executing $HOMEchapel/util/test/computePerfStats pidigits5-submitted $HOMEchapel/test/perfdat/clbg_comparison pidigits5.perfkeys pidigits5.exec.out.tmp False 07/28/26]
Using set date 07/28/26
Checking for /5525637567\t:10000/ on line -4...
SUCCESS
Looking for real...found it: 1.766
[Success matching performance keys for studies/shootout/submitted/pidigits5]
[Executing program $HOMEchapel/util/test/timers/highPrecisionTimer ./pidigits5 --n=10000 < /dev/null]
[Reporting processes with top 5 highest cpu usages]
USER         PID %CPU COMMAND
ubuntu    234638 10.0 python3 $HOMEchapel/util/test/sub_test.py $HOMEchapel/bin/linux64-riscv64/chpl
root         204  7.5 [irq/79-fusb303b_interrupt_int_n]
root       80201  0.1 /usr/bin/es-bmcd
ubuntu    243478  0.0 tail -n +2
ubuntu    119442  0.0 sshd: ubuntu@pts/1
[Elapsed execution time for "studies/shootout/submitted/pidigits5" - 2.006 seconds]
[Executing $HOMEchapel/util/test/computePerfStats pidigits5-submitted $HOMEchapel/test/perfdat/clbg_comparison pidigits5.perfkeys pidigits5.exec.out.tmp False 07/28/26]
Using set date 07/28/26
Checking for /5525637567\t:10000/ on line -4...
SUCCESS
Looking for real...found it: 1.786
[Success matching performance keys for studies/shootout/submitted/pidigits5]
[Executing program $HOMEchapel/util/test/timers/highPrecisionTimer ./pidigits5 --n=10000 < /dev/null]
[Reporting processes with top 5 highest cpu usages]
USER         PID %CPU COMMAND
ubuntu    234638 10.0 python3 $HOMEchapel/util/test/sub_test.py $HOMEchapel/bin/linux64-riscv64/chpl
root         204  7.5 [irq/79-fusb303b_interrupt_int_n]
root       80201  0.1 /usr/bin/es-bmcd
ubuntu    243494  0.0 tail -n +2
ubuntu    119442  0.0 sshd: ubuntu@pts/1
[Elapsed execution time for "studies/shootout/submitted/pidigits5" - 1.972 seconds]
[Executing $HOMEchapel/util/test/computePerfStats pidigits5-submitted $HOMEchapel/test/perfdat/clbg_comparison pidigits5.perfkeys pidigits5.exec.out.tmp False 07/28/26]
Using set date 07/28/26
Checking for /5525637567\t:10000/ on line -4...
SUCCESS
Looking for real...found it: 1.768
[Success matching performance keys for studies/shootout/submitted/pidigits5]
[Executing program $HOMEchapel/util/test/timers/highPrecisionTimer ./pidigits5 --n=10000 < /dev/null]
[Reporting processes with top 5 highest cpu usages]
USER         PID %CPU COMMAND
ubuntu    234638 10.0 python3 $HOMEchapel/util/test/sub_test.py $HOMEchapel/bin/linux64-riscv64/chpl
root         204  7.5 [irq/79-fusb303b_interrupt_int_n]
root       80201  0.1 /usr/bin/es-bmcd
ubuntu    243510  0.0 tail -n +2
ubuntu    119442  0.0 sshd: ubuntu@pts/1
[Elapsed execution time for "studies/shootout/submitted/pidigits5" - 1.971 seconds]
[Executing $HOMEchapel/util/test/computePerfStats pidigits5-submitted $HOMEchapel/test/perfdat/clbg_comparison pidigits5.perfkeys pidigits5.exec.out.tmp False 07/28/26]
Using set date 07/28/26
Checking for /5525637567\t:10000/ on line -4...
SUCCESS
Looking for real...found it: 1.767
[Success matching performance keys for studies/shootout/submitted/pidigits5]
[Executing program $HOMEchapel/util/test/timers/highPrecisionTimer ./pidigits5 --n=10000 < /dev/null]
[Reporting processes with top 5 highest cpu usages]
USER         PID %CPU COMMAND
ubuntu    234638 10.0 python3 $HOMEchapel/util/test/sub_test.py $HOMEchapel/bin/linux64-riscv64/chpl
root         204  7.5 [irq/79-fusb303b_interrupt_int_n]
ubuntu    243529  200 ps ax -o user,pid,pcpu,command
root       80201  0.1 /usr/bin/es-bmcd
ubuntu    243530  0.0 tail -n +2
[Elapsed execution time for "studies/shootout/submitted/pidigits5" - 2.006 seconds]
[Executing $HOMEchapel/util/test/computePerfStats pidigits5-submitted $HOMEchapel/test/perfdat/clbg_comparison pidigits5.perfkeys pidigits5.exec.out.tmp False 07/28/26]
Using set date 07/28/26
Checking for /5525637567\t:10000/ on line -4...
SUCCESS
Looking for real...found it: 1.8
[Success matching performance keys for studies/shootout/submitted/pidigits5]
[Executing program $HOMEchapel/util/test/timers/highPrecisionTimer ./pidigits5 --n=10000 < /dev/null]
[Reporting processes with top 5 highest cpu usages]
USER         PID %CPU COMMAND
ubuntu    234638 10.0 python3 $HOMEchapel/util/test/sub_test.py $HOMEchapel/bin/linux64-riscv64/chpl
root         204  7.5 [irq/79-fusb303b_interrupt_int_n]
root       80201  0.1 /usr/bin/es-bmcd
ubuntu    243546  0.0 tail -n +2
ubuntu    119442  0.0 sshd: ubuntu@pts/1
[Elapsed execution time for "studies/shootout/submitted/pidigits5" - 1.978 seconds]
[Executing $HOMEchapel/util/test/computePerfStats pidigits5-submitted $HOMEchapel/test/perfdat/clbg_comparison pidigits5.perfkeys pidigits5.exec.out.tmp False 07/28/26]
Using set date 07/28/26
Checking for /5525637567\t:10000/ on line -4...
SUCCESS
Looking for real...found it: 1.767
[Success matching performance keys for studies/shootout/submitted/pidigits5]
[Executing program $HOMEchapel/util/test/timers/highPrecisionTimer ./pidigits5 --n=10000 < /dev/null]
[Reporting processes with top 5 highest cpu usages]
USER         PID %CPU COMMAND
ubuntu    234638 10.0 python3 $HOMEchapel/util/test/sub_test.py $HOMEchapel/bin/linux64-riscv64/chpl
root         204  7.5 [irq/79-fusb303b_interrupt_int_n]
ubuntu    243565  200 ps ax -o user,pid,pcpu,command
root       80201  0.1 /usr/bin/es-bmcd
ubuntu    243566  0.0 tail -n +2
[Elapsed execution time for "studies/shootout/submitted/pidigits5" - 1.990 seconds]
[Executing $HOMEchapel/util/test/computePerfStats pidigits5-submitted $HOMEchapel/test/perfdat/clbg_comparison pidigits5.perfkeys pidigits5.exec.out.tmp False 07/28/26]
Using set date 07/28/26
Checking for /5525637567\t:10000/ on line -4...
SUCCESS
Looking for real...found it: 1.78
[Success matching performance keys for studies/shootout/submitted/pidigits5]
[Elapsed time to compile and execute all versions of "studies/shootout/submitted/pidigits5" - 56.934 seconds]
[test: studies/shootout/submitted/regexredux2.chpl]
[Checking skipif: regexredux2.skipif]
[Executing compiler $HOMEchapel/bin/linux64-riscv64/chpl --fast --cc-warnings regexredux2.chpl < /dev/null]
[Elapsed compilation time for "studies/shootout/submitted/regexredux2" - 40.851 seconds]
[Success compiling studies/shootout/submitted/regexredux2]
[Executing ./PREEXEC]
[Executing program $HOMEchapel/util/test/timers/highPrecisionTimer ./regexredux2 --n=0 < /tmp/chplTestTmpDir.hbo_es8c/fasta.regex]
[Reporting processes with top 5 highest cpu usages]
USER         PID %CPU COMMAND
ubuntu    234638  9.9 python3 $HOMEchapel/util/test/sub_test.py $HOMEchapel/bin/linux64-riscv64/chpl
root         204  7.5 [irq/79-fusb303b_interrupt_int_n]
ubuntu    243823  200 ps ax -o user,pid,pcpu,command
root       80201  0.1 /usr/bin/es-bmcd
ubuntu    243824  0.0 tail -n +2
[Elapsed execution time for "studies/shootout/submitted/regexredux2" - 17.142 seconds]
[Executing $HOMEchapel/util/test/computePerfStats regexredux2 $HOMEchapel/test/perfdat/clbg_comparison regexredux2.perfkeys regexredux2.exec.out.tmp False 07/28/26]
Using set date 07/28/26
Checking for /agggtaa\[cgt\]|\[acg\]ttaccct 2178/ on line -8...
SUCCESS
Checking for /50833411/ on line -6...
SUCCESS
Looking for real...found it: 16.94
[Success matching performance keys for studies/shootout/submitted/regexredux2]
[Executing program $HOMEchapel/util/test/timers/highPrecisionTimer ./regexredux2 --n=0 < /tmp/chplTestTmpDir.hbo_es8c/fasta.regex]
[Reporting processes with top 5 highest cpu usages]
USER         PID %CPU COMMAND
ubuntu    234638  9.8 python3 $HOMEchapel/util/test/sub_test.py $HOMEchapel/bin/linux64-riscv64/chpl
root         204  7.5 [irq/79-fusb303b_interrupt_int_n]
root       80201  0.1 /usr/bin/es-bmcd
ubuntu    243855  0.0 tail -n +2
ubuntu    119442  0.0 sshd: ubuntu@pts/1
[Elapsed execution time for "studies/shootout/submitted/regexredux2" - 17.118 seconds]
[Executing $HOMEchapel/util/test/computePerfStats regexredux2 $HOMEchapel/test/perfdat/clbg_comparison regexredux2.perfkeys regexredux2.exec.out.tmp False 07/28/26]
Using set date 07/28/26
Checking for /agggtaa\[cgt\]|\[acg\]ttaccct 2178/ on line -8...
SUCCESS
Checking for /50833411/ on line -6...
SUCCESS
Looking for real...found it: 16.91
[Success matching performance keys for studies/shootout/submitted/regexredux2]
[Executing program $HOMEchapel/util/test/timers/highPrecisionTimer ./regexredux2 --n=0 < /tmp/chplTestTmpDir.hbo_es8c/fasta.regex]
[Reporting processes with top 5 highest cpu usages]
USER         PID %CPU COMMAND
ubuntu    234638  9.8 python3 $HOMEchapel/util/test/sub_test.py $HOMEchapel/bin/linux64-riscv64/chpl
root         204  7.5 [irq/79-fusb303b_interrupt_int_n]
root       80201  0.1 /usr/bin/es-bmcd
ubuntu    243883  0.0 tail -n +2
ubuntu    119442  0.0 sshd: ubuntu@pts/1
[Elapsed execution time for "studies/shootout/submitted/regexredux2" - 17.087 seconds]
[Executing $HOMEchapel/util/test/computePerfStats regexredux2 $HOMEchapel/test/perfdat/clbg_comparison regexredux2.perfkeys regexredux2.exec.out.tmp False 07/28/26]
Using set date 07/28/26
Checking for /agggtaa\[cgt\]|\[acg\]ttaccct 2178/ on line -8...
SUCCESS
Checking for /50833411/ on line -6...
SUCCESS
Looking for real...found it: 16.88
[Success matching performance keys for studies/shootout/submitted/regexredux2]
[Executing program $HOMEchapel/util/test/timers/highPrecisionTimer ./regexredux2 --n=0 < /tmp/chplTestTmpDir.hbo_es8c/fasta.regex]
[Reporting processes with top 5 highest cpu usages]
USER         PID %CPU COMMAND
ubuntu    234638  9.7 python3 $HOMEchapel/util/test/sub_test.py $HOMEchapel/bin/linux64-riscv64/chpl
root         204  7.5 [irq/79-fusb303b_interrupt_int_n]
root       80201  0.1 /usr/bin/es-bmcd
ubuntu    243916  0.0 tail -n +2
ubuntu    119442  0.0 sshd: ubuntu@pts/1
[Elapsed execution time for "studies/shootout/submitted/regexredux2" - 17.238 seconds]
[Executing $HOMEchapel/util/test/computePerfStats regexredux2 $HOMEchapel/test/perfdat/clbg_comparison regexredux2.perfkeys regexredux2.exec.out.tmp False 07/28/26]
Using set date 07/28/26
Checking for /agggtaa\[cgt\]|\[acg\]ttaccct 2178/ on line -8...
SUCCESS
Checking for /50833411/ on line -6...
SUCCESS
Looking for real...found it: 17.02
[Success matching performance keys for studies/shootout/submitted/regexredux2]
[Executing program $HOMEchapel/util/test/timers/highPrecisionTimer ./regexredux2 --n=0 < /tmp/chplTestTmpDir.hbo_es8c/fasta.regex]
[Reporting processes with top 5 highest cpu usages]
USER         PID %CPU COMMAND
ubuntu    234638  9.7 python3 $HOMEchapel/util/test/sub_test.py $HOMEchapel/bin/linux64-riscv64/chpl
root         204  7.5 [irq/79-fusb303b_interrupt_int_n]
root       80201  0.1 /usr/bin/es-bmcd
ubuntu    243945  0.0 tail -n +2
ubuntu    119442  0.0 sshd: ubuntu@pts/1
[Elapsed execution time for "studies/shootout/submitted/regexredux2" - 17.166 seconds]
[Executing $HOMEchapel/util/test/computePerfStats regexredux2 $HOMEchapel/test/perfdat/clbg_comparison regexredux2.perfkeys regexredux2.exec.out.tmp False 07/28/26]
Using set date 07/28/26
Checking for /agggtaa\[cgt\]|\[acg\]ttaccct 2178/ on line -8...
SUCCESS
Checking for /50833411/ on line -6...
SUCCESS
Looking for real...found it: 16.96
[Success matching performance keys for studies/shootout/submitted/regexredux2]
[Executing program $HOMEchapel/util/test/timers/highPrecisionTimer ./regexredux2 --n=0 < /tmp/chplTestTmpDir.hbo_es8c/fasta.regex]
[Reporting processes with top 5 highest cpu usages]
USER         PID %CPU COMMAND
ubuntu    234638  9.7 python3 $HOMEchapel/util/test/sub_test.py $HOMEchapel/bin/linux64-riscv64/chpl
root         204  7.5 [irq/79-fusb303b_interrupt_int_n]
root       80201  0.1 /usr/bin/es-bmcd
ubuntu    243977  0.0 tail -n +2
ubuntu    119442  0.0 sshd: ubuntu@pts/1
[Elapsed execution time for "studies/shootout/submitted/regexredux2" - 17.096 seconds]
[Executing $HOMEchapel/util/test/computePerfStats regexredux2 $HOMEchapel/test/perfdat/clbg_comparison regexredux2.perfkeys regexredux2.exec.out.tmp False 07/28/26]
Using set date 07/28/26
Checking for /agggtaa\[cgt\]|\[acg\]ttaccct 2178/ on line -8...
SUCCESS
Checking for /50833411/ on line -6...
SUCCESS
Looking for real...found it: 16.89
[Success matching performance keys for studies/shootout/submitted/regexredux2]
[Executing program $HOMEchapel/util/test/timers/highPrecisionTimer ./regexredux2 --n=0 < /tmp/chplTestTmpDir.hbo_es8c/fasta.regex]
[Reporting processes with top 5 highest cpu usages]
USER         PID %CPU COMMAND
ubuntu    234638  9.6 python3 $HOMEchapel/util/test/sub_test.py $HOMEchapel/bin/linux64-riscv64/chpl
root         204  7.5 [irq/79-fusb303b_interrupt_int_n]
root       80201  0.1 /usr/bin/es-bmcd
ubuntu    244006  0.0 tail -n +2
ubuntu    119442  0.0 sshd: ubuntu@pts/1
[Elapsed execution time for "studies/shootout/submitted/regexredux2" - 17.108 seconds]
[Executing $HOMEchapel/util/test/computePerfStats regexredux2 $HOMEchapel/test/perfdat/clbg_comparison regexredux2.perfkeys regexredux2.exec.out.tmp False 07/28/26]
Using set date 07/28/26
Checking for /agggtaa\[cgt\]|\[acg\]ttaccct 2178/ on line -8...
SUCCESS
Checking for /50833411/ on line -6...
SUCCESS
Looking for real...found it: 16.89
[Success matching performance keys for studies/shootout/submitted/regexredux2]
[Executing program $HOMEchapel/util/test/timers/highPrecisionTimer ./regexredux2 --n=0 < /tmp/chplTestTmpDir.hbo_es8c/fasta.regex]
[Reporting processes with top 5 highest cpu usages]
USER         PID %CPU COMMAND
ubuntu    234638  9.6 python3 $HOMEchapel/util/test/sub_test.py $HOMEchapel/bin/linux64-riscv64/chpl
root         204  7.5 [irq/79-fusb303b_interrupt_int_n]
root       80201  0.1 /usr/bin/es-bmcd
ubuntu    244038  0.0 tail -n +2
ubuntu    119442  0.0 sshd: ubuntu@pts/1
[Elapsed execution time for "studies/shootout/submitted/regexredux2" - 17.112 seconds]
[Executing $HOMEchapel/util/test/computePerfStats regexredux2 $HOMEchapel/test/perfdat/clbg_comparison regexredux2.perfkeys regexredux2.exec.out.tmp False 07/28/26]
Using set date 07/28/26
Checking for /agggtaa\[cgt\]|\[acg\]ttaccct 2178/ on line -8...
SUCCESS
Checking for /50833411/ on line -6...
SUCCESS
Looking for real...found it: 16.9
[Success matching performance keys for studies/shootout/submitted/regexredux2]
[Executing program $HOMEchapel/util/test/timers/highPrecisionTimer ./regexredux2 --n=0 < /tmp/chplTestTmpDir.hbo_es8c/fasta.regex]
[Reporting processes with top 5 highest cpu usages]
USER         PID %CPU COMMAND
ubuntu    234638  9.6 python3 $HOMEchapel/util/test/sub_test.py $HOMEchapel/bin/linux64-riscv64/chpl
root         204  7.5 [irq/79-fusb303b_interrupt_int_n]
ubuntu    244068  200 ps ax -o user,pid,pcpu,command
root       80201  0.1 /usr/bin/es-bmcd
ubuntu    244069  0.0 tail -n +2
[Elapsed execution time for "studies/shootout/submitted/regexredux2" - 17.104 seconds]
[Executing $HOMEchapel/util/test/computePerfStats regexredux2 $HOMEchapel/test/perfdat/clbg_comparison regexredux2.perfkeys regexredux2.exec.out.tmp False 07/28/26]
Using set date 07/28/26
Checking for /agggtaa\[cgt\]|\[acg\]ttaccct 2178/ on line -8...
SUCCESS
Checking for /50833411/ on line -6...
SUCCESS
Looking for real...found it: 16.89
[Success matching performance keys for studies/shootout/submitted/regexredux2]
[Executing program $HOMEchapel/util/test/timers/highPrecisionTimer ./regexredux2 --n=0 < /tmp/chplTestTmpDir.hbo_es8c/fasta.regex]
[Reporting processes with top 5 highest cpu usages]
USER         PID %CPU COMMAND
ubuntu    234638  9.5 python3 $HOMEchapel/util/test/sub_test.py $HOMEchapel/bin/linux64-riscv64/chpl
root         204  7.5 [irq/79-fusb303b_interrupt_int_n]
root       80201  0.1 /usr/bin/es-bmcd
ubuntu    244097  0.0 tail -n +2
ubuntu    119442  0.0 sshd: ubuntu@pts/1
[Elapsed execution time for "studies/shootout/submitted/regexredux2" - 17.109 seconds]
[Executing $HOMEchapel/util/test/computePerfStats regexredux2 $HOMEchapel/test/perfdat/clbg_comparison regexredux2.perfkeys regexredux2.exec.out.tmp False 07/28/26]
Using set date 07/28/26
Checking for /agggtaa\[cgt\]|\[acg\]ttaccct 2178/ on line -8...
SUCCESS
Checking for /50833411/ on line -6...
SUCCESS
Looking for real...found it: 16.89
[Success matching performance keys for studies/shootout/submitted/regexredux2]
[Elapsed time to compile and execute all versions of "studies/shootout/submitted/regexredux2" - 213.723 seconds]
[test: studies/shootout/submitted/regexredux3.chpl]
[Checking skipif: regexredux3.skipif]
[Executing compiler $HOMEchapel/bin/linux64-riscv64/chpl --fast --cc-warnings regexredux3.chpl < /dev/null]
[Elapsed compilation time for "studies/shootout/submitted/regexredux3" - 41.911 seconds]
[Success compiling studies/shootout/submitted/regexredux3]
[Executing ./PREEXEC]
[Executing program $HOMEchapel/util/test/timers/highPrecisionTimer ./regexredux3 --n=0 < /tmp/chplTestTmpDir.hbo_es8c/fasta.regex]
[Reporting processes with top 5 highest cpu usages]
USER         PID %CPU COMMAND
ubuntu    234638  9.4 python3 $HOMEchapel/util/test/sub_test.py $HOMEchapel/bin/linux64-riscv64/chpl
root         204  7.5 [irq/79-fusb303b_interrupt_int_n]
root       80201  0.1 /usr/bin/es-bmcd
ubuntu    244352  0.0 tail -n +2
ubuntu    119442  0.0 sshd: ubuntu@pts/1
[Elapsed execution time for "studies/shootout/submitted/regexredux3" - 15.088 seconds]
[Executing $HOMEchapel/util/test/computePerfStats regexredux3 $HOMEchapel/test/perfdat/clbg_comparison regexredux3.perfkeys regexredux3.exec.out.tmp False 07/28/26]
Using set date 07/28/26
Checking for /agggtaa\[cgt\]|\[acg\]ttaccct 2178/ on line -8...
SUCCESS
Checking for /50833411/ on line -6...
SUCCESS
Looking for real...found it: 14.87
[Success matching performance keys for studies/shootout/submitted/regexredux3]
[Executing program $HOMEchapel/util/test/timers/highPrecisionTimer ./regexredux3 --n=0 < /tmp/chplTestTmpDir.hbo_es8c/fasta.regex]
[Reporting processes with top 5 highest cpu usages]
USER         PID %CPU COMMAND
ubuntu    234638  9.4 python3 $HOMEchapel/util/test/sub_test.py $HOMEchapel/bin/linux64-riscv64/chpl
root         204  7.5 [irq/79-fusb303b_interrupt_int_n]
root       80201  0.1 /usr/bin/es-bmcd
ubuntu    244380  0.0 tail -n +2
ubuntu    119442  0.0 sshd: ubuntu@pts/1
[Elapsed execution time for "studies/shootout/submitted/regexredux3" - 15.087 seconds]
[Executing $HOMEchapel/util/test/computePerfStats regexredux3 $HOMEchapel/test/perfdat/clbg_comparison regexredux3.perfkeys regexredux3.exec.out.tmp False 07/28/26]
Using set date 07/28/26
Checking for /agggtaa\[cgt\]|\[acg\]ttaccct 2178/ on line -8...
SUCCESS
Checking for /50833411/ on line -6...
SUCCESS
Looking for real...found it: 14.88
[Success matching performance keys for studies/shootout/submitted/regexredux3]
[Executing program $HOMEchapel/util/test/timers/highPrecisionTimer ./regexredux3 --n=0 < /tmp/chplTestTmpDir.hbo_es8c/fasta.regex]
[Reporting processes with top 5 highest cpu usages]
USER         PID %CPU COMMAND
ubuntu    234638  9.3 python3 $HOMEchapel/util/test/sub_test.py $HOMEchapel/bin/linux64-riscv64/chpl
root         204  7.5 [irq/79-fusb303b_interrupt_int_n]
root       80201  0.1 /usr/bin/es-bmcd
ubuntu    244408  0.0 tail -n +2
ubuntu    119442  0.0 sshd: ubuntu@pts/1
[Elapsed execution time for "studies/shootout/submitted/regexredux3" - 15.092 seconds]
[Executing $HOMEchapel/util/test/computePerfStats regexredux3 $HOMEchapel/test/perfdat/clbg_comparison regexredux3.perfkeys regexredux3.exec.out.tmp False 07/28/26]
Using set date 07/28/26
Checking for /agggtaa\[cgt\]|\[acg\]ttaccct 2178/ on line -8...
SUCCESS
Checking for /50833411/ on line -6...
SUCCESS
Looking for real...found it: 14.89
[Success matching performance keys for studies/shootout/submitted/regexredux3]
[Executing program $HOMEchapel/util/test/timers/highPrecisionTimer ./regexredux3 --n=0 < /tmp/chplTestTmpDir.hbo_es8c/fasta.regex]
[Reporting processes with top 5 highest cpu usages]
USER         PID %CPU COMMAND
ubuntu    234638  9.3 python3 $HOMEchapel/util/test/sub_test.py $HOMEchapel/bin/linux64-riscv64/chpl
root         204  7.5 [irq/79-fusb303b_interrupt_int_n]
ubuntu    244435  200 ps ax -o user,pid,pcpu,command
root       80201  0.1 /usr/bin/es-bmcd
ubuntu    244436  0.0 tail -n +2
[Elapsed execution time for "studies/shootout/submitted/regexredux3" - 15.073 seconds]
[Executing $HOMEchapel/util/test/computePerfStats regexredux3 $HOMEchapel/test/perfdat/clbg_comparison regexredux3.perfkeys regexredux3.exec.out.tmp False 07/28/26]
Using set date 07/28/26
Checking for /agggtaa\[cgt\]|\[acg\]ttaccct 2178/ on line -8...
SUCCESS
Checking for /50833411/ on line -6...
SUCCESS
Looking for real...found it: 14.87
[Success matching performance keys for studies/shootout/submitted/regexredux3]
[Executing program $HOMEchapel/util/test/timers/highPrecisionTimer ./regexredux3 --n=0 < /tmp/chplTestTmpDir.hbo_es8c/fasta.regex]
[Reporting processes with top 5 highest cpu usages]
USER         PID %CPU COMMAND
ubuntu    234638  9.3 python3 $HOMEchapel/util/test/sub_test.py $HOMEchapel/bin/linux64-riscv64/chpl
root         204  7.5 [irq/79-fusb303b_interrupt_int_n]
root       80201  0.1 /usr/bin/es-bmcd
ubuntu    244465  0.0 tail -n +2
ubuntu    119442  0.0 sshd: ubuntu@pts/1
[Elapsed execution time for "studies/shootout/submitted/regexredux3" - 15.086 seconds]
[Executing $HOMEchapel/util/test/computePerfStats regexredux3 $HOMEchapel/test/perfdat/clbg_comparison regexredux3.perfkeys regexredux3.exec.out.tmp False 07/28/26]
Using set date 07/28/26
Checking for /agggtaa\[cgt\]|\[acg\]ttaccct 2178/ on line -8...
SUCCESS
Checking for /50833411/ on line -6...
SUCCESS
Looking for real...found it: 14.88
[Success matching performance keys for studies/shootout/submitted/regexredux3]
[Executing program $HOMEchapel/util/test/timers/highPrecisionTimer ./regexredux3 --n=0 < /tmp/chplTestTmpDir.hbo_es8c/fasta.regex]
[Reporting processes with top 5 highest cpu usages]
USER         PID %CPU COMMAND
ubuntu    234638  9.2 python3 $HOMEchapel/util/test/sub_test.py $HOMEchapel/bin/linux64-riscv64/chpl
root         204  7.5 [irq/79-fusb303b_interrupt_int_n]
root       80201  0.1 /usr/bin/es-bmcd
ubuntu    244497  0.0 tail -n +2
ubuntu    119442  0.0 sshd: ubuntu@pts/1
[Elapsed execution time for "studies/shootout/submitted/regexredux3" - 15.142 seconds]
[Executing $HOMEchapel/util/test/computePerfStats regexredux3 $HOMEchapel/test/perfdat/clbg_comparison regexredux3.perfkeys regexredux3.exec.out.tmp False 07/28/26]
Using set date 07/28/26
Checking for /agggtaa\[cgt\]|\[acg\]ttaccct 2178/ on line -8...
SUCCESS
Checking for /50833411/ on line -6...
SUCCESS
Looking for real...found it: 14.93
[Success matching performance keys for studies/shootout/submitted/regexredux3]
[Executing program $HOMEchapel/util/test/timers/highPrecisionTimer ./regexredux3 --n=0 < /tmp/chplTestTmpDir.hbo_es8c/fasta.regex]
[Reporting processes with top 5 highest cpu usages]
USER         PID %CPU COMMAND
ubuntu    234638  9.2 python3 $HOMEchapel/util/test/sub_test.py $HOMEchapel/bin/linux64-riscv64/chpl
root         204  7.5 [irq/79-fusb303b_interrupt_int_n]
ubuntu    244524  200 ps ax -o user,pid,pcpu,command
root       80201  0.1 /usr/bin/es-bmcd
ubuntu    244525  0.0 tail -n +2
[Elapsed execution time for "studies/shootout/submitted/regexredux3" - 15.105 seconds]
[Executing $HOMEchapel/util/test/computePerfStats regexredux3 $HOMEchapel/test/perfdat/clbg_comparison regexredux3.perfkeys regexredux3.exec.out.tmp False 07/28/26]
Using set date 07/28/26
Checking for /agggtaa\[cgt\]|\[acg\]ttaccct 2178/ on line -8...
SUCCESS
Checking for /50833411/ on line -6...
SUCCESS
Looking for real...found it: 14.9
[Success matching performance keys for studies/shootout/submitted/regexredux3]
[Executing program $HOMEchapel/util/test/timers/highPrecisionTimer ./regexredux3 --n=0 < /tmp/chplTestTmpDir.hbo_es8c/fasta.regex]
[Reporting processes with top 5 highest cpu usages]
USER         PID %CPU COMMAND
ubuntu    234638  9.2 python3 $HOMEchapel/util/test/sub_test.py $HOMEchapel/bin/linux64-riscv64/chpl
root         204  7.5 [irq/79-fusb303b_interrupt_int_n]
root       80201  0.1 /usr/bin/es-bmcd
ubuntu    244553  0.0 tail -n +2
ubuntu    119442  0.0 sshd: ubuntu@pts/1
[Elapsed execution time for "studies/shootout/submitted/regexredux3" - 15.105 seconds]
[Executing $HOMEchapel/util/test/computePerfStats regexredux3 $HOMEchapel/test/perfdat/clbg_comparison regexredux3.perfkeys regexredux3.exec.out.tmp False 07/28/26]
Using set date 07/28/26
Checking for /agggtaa\[cgt\]|\[acg\]ttaccct 2178/ on line -8...
SUCCESS
Checking for /50833411/ on line -6...
SUCCESS
Looking for real...found it: 14.89
[Success matching performance keys for studies/shootout/submitted/regexredux3]
[Executing program $HOMEchapel/util/test/timers/highPrecisionTimer ./regexredux3 --n=0 < /tmp/chplTestTmpDir.hbo_es8c/fasta.regex]
[Reporting processes with top 5 highest cpu usages]
USER         PID %CPU COMMAND
ubuntu    234638  9.2 python3 $HOMEchapel/util/test/sub_test.py $HOMEchapel/bin/linux64-riscv64/chpl
root         204  7.5 [irq/79-fusb303b_interrupt_int_n]
ubuntu    244580  200 ps ax -o user,pid,pcpu,command
root       80201  0.1 /usr/bin/es-bmcd
ubuntu    244581  0.0 tail -n +2
[Elapsed execution time for "studies/shootout/submitted/regexredux3" - 15.146 seconds]
[Executing $HOMEchapel/util/test/computePerfStats regexredux3 $HOMEchapel/test/perfdat/clbg_comparison regexredux3.perfkeys regexredux3.exec.out.tmp False 07/28/26]
Using set date 07/28/26
Checking for /agggtaa\[cgt\]|\[acg\]ttaccct 2178/ on line -8...
SUCCESS
Checking for /50833411/ on line -6...
SUCCESS
Looking for real...found it: 14.94
[Success matching performance keys for studies/shootout/submitted/regexredux3]
[Executing program $HOMEchapel/util/test/timers/highPrecisionTimer ./regexredux3 --n=0 < /tmp/chplTestTmpDir.hbo_es8c/fasta.regex]
[Reporting processes with top 5 highest cpu usages]
USER         PID %CPU COMMAND
ubuntu    234638  9.1 python3 $HOMEchapel/util/test/sub_test.py $HOMEchapel/bin/linux64-riscv64/chpl
root         204  7.5 [irq/79-fusb303b_interrupt_int_n]
root       80201  0.1 /usr/bin/es-bmcd
ubuntu    244614  0.0 tail -n +2
ubuntu    119442  0.0 sshd: ubuntu@pts/1
[Elapsed execution time for "studies/shootout/submitted/regexredux3" - 15.553 seconds]
[Executing $HOMEchapel/util/test/computePerfStats regexredux3 $HOMEchapel/test/perfdat/clbg_comparison regexredux3.perfkeys regexredux3.exec.out.tmp False 07/28/26]
Using set date 07/28/26
Checking for /agggtaa\[cgt\]|\[acg\]ttaccct 2178/ on line -8...
SUCCESS
Checking for /50833411/ on line -6...
SUCCESS
Looking for real...found it: 15.35
[Success matching performance keys for studies/shootout/submitted/regexredux3]
[Elapsed time to compile and execute all versions of "studies/shootout/submitted/regexredux3" - 194.928 seconds]
[test: studies/shootout/submitted/revcomp3.chpl]
[Executing compiler $HOMEchapel/bin/linux64-riscv64/chpl --fast --cc-warnings revcomp3.chpl < /dev/null]
[Elapsed compilation time for "studies/shootout/submitted/revcomp3" - 38.509 seconds]
[Success compiling studies/shootout/submitted/revcomp3]
[Executing ./PREEXEC]
[Executing program $HOMEchapel/util/test/timers/highPrecisionTimer ./revcomp3 --n=0 < /tmp/chplTestTmpDir.hbo_es8c/fasta.rvcmp]
[Reporting processes with top 5 highest cpu usages]
USER         PID %CPU COMMAND
ubuntu    234638  8.9 python3 $HOMEchapel/util/test/sub_test.py $HOMEchapel/bin/linux64-riscv64/chpl
root         204  7.5 [irq/79-fusb303b_interrupt_int_n]
root       80201  0.1 /usr/bin/es-bmcd
ubuntu    244904  0.0 tail -n +2
ubuntu    119442  0.0 sshd: ubuntu@pts/1
[Elapsed execution time for "studies/shootout/submitted/revcomp3" - 146.168 seconds]
[Executing $HOMEchapel/util/test/computePerfStats revcomp3-submitted $HOMEchapel/test/perfdat/clbg_comparison revcomp3.perfkeys revcomp3.exec.out.tmp False 07/28/26]
Using set date 07/28/26
Checking for /AACATTACAGGTAATGATAA/ on line -4...
SUCCESS
Looking for real...found it: 143.2
[Success matching performance keys for studies/shootout/submitted/revcomp3]
[Executing program $HOMEchapel/util/test/timers/highPrecisionTimer ./revcomp3 --n=0 < /tmp/chplTestTmpDir.hbo_es8c/fasta.rvcmp]
[Reporting processes with top 5 highest cpu usages]
USER         PID %CPU COMMAND
ubuntu    234638  9.5 python3 $HOMEchapel/util/test/sub_test.py $HOMEchapel/bin/linux64-riscv64/chpl
root         204  7.5 [irq/79-fusb303b_interrupt_int_n]
ubuntu    245154  200 ps ax -o user,pid,pcpu,command
root       80201  0.1 /usr/bin/es-bmcd
ubuntu    245155  0.0 tail -n +2
[Elapsed execution time for "studies/shootout/submitted/revcomp3" - 148.376 seconds]
[Executing $HOMEchapel/util/test/computePerfStats revcomp3-submitted $HOMEchapel/test/perfdat/clbg_comparison revcomp3.perfkeys revcomp3.exec.out.tmp False 07/28/26]
Using set date 07/28/26
Checking for /AACATTACAGGTAATGATAA/ on line -4...
SUCCESS
Looking for real...found it: 145.3
[Success matching performance keys for studies/shootout/submitted/revcomp3]
[Executing program $HOMEchapel/util/test/timers/highPrecisionTimer ./revcomp3 --n=0 < /tmp/chplTestTmpDir.hbo_es8c/fasta.rvcmp]
[Reporting processes with top 5 highest cpu usages]
USER         PID %CPU COMMAND
ubuntu    234638 10.0 python3 $HOMEchapel/util/test/sub_test.py $HOMEchapel/bin/linux64-riscv64/chpl
root         204  7.5 [irq/79-fusb303b_interrupt_int_n]
root       80201  0.1 /usr/bin/es-bmcd
ubuntu    245395  0.0 tail -n +2
ubuntu    119442  0.0 sshd: ubuntu@pts/1
[Elapsed execution time for "studies/shootout/submitted/revcomp3" - 145.419 seconds]
[Executing $HOMEchapel/util/test/computePerfStats revcomp3-submitted $HOMEchapel/test/perfdat/clbg_comparison revcomp3.perfkeys revcomp3.exec.out.tmp False 07/28/26]
Using set date 07/28/26
Checking for /AACATTACAGGTAATGATAA/ on line -4...
SUCCESS
Looking for real...found it: 142.5
[Success matching performance keys for studies/shootout/submitted/revcomp3]
[Executing program $HOMEchapel/util/test/timers/highPrecisionTimer ./revcomp3 --n=0 < /tmp/chplTestTmpDir.hbo_es8c/fasta.rvcmp]
[Reporting processes with top 5 highest cpu usages]
USER         PID %CPU COMMAND
ubuntu    234638 10.5 python3 $HOMEchapel/util/test/sub_test.py $HOMEchapel/bin/linux64-riscv64/chpl
root         204  7.4 [irq/79-fusb303b_interrupt_int_n]
root       80201  0.1 /usr/bin/es-bmcd
ubuntu    245644  0.0 tail -n +2
ubuntu    119442  0.0 sshd: ubuntu@pts/1
[Elapsed execution time for "studies/shootout/submitted/revcomp3" - 147.649 seconds]
[Executing $HOMEchapel/util/test/computePerfStats revcomp3-submitted $HOMEchapel/test/perfdat/clbg_comparison revcomp3.perfkeys revcomp3.exec.out.tmp False 07/28/26]
Using set date 07/28/26
Checking for /AACATTACAGGTAATGATAA/ on line -4...
SUCCESS
Looking for real...found it: 144.7
[Success matching performance keys for studies/shootout/submitted/revcomp3]
[Executing program $HOMEchapel/util/test/timers/highPrecisionTimer ./revcomp3 --n=0 < /tmp/chplTestTmpDir.hbo_es8c/fasta.rvcmp]
[Reporting processes with top 5 highest cpu usages]
USER         PID %CPU COMMAND
ubuntu    234638 10.9 python3 $HOMEchapel/util/test/sub_test.py $HOMEchapel/bin/linux64-riscv64/chpl
root         204  7.4 [irq/79-fusb303b_interrupt_int_n]
ubuntu    245887  200 ps ax -o user,pid,pcpu,command
root       80201  0.1 /usr/bin/es-bmcd
ubuntu    245888  0.0 tail -n +2
[Elapsed execution time for "studies/shootout/submitted/revcomp3" - 147.008 seconds]
[Executing $HOMEchapel/util/test/computePerfStats revcomp3-submitted $HOMEchapel/test/perfdat/clbg_comparison revcomp3.perfkeys revcomp3.exec.out.tmp False 07/28/26]
Using set date 07/28/26
Checking for /AACATTACAGGTAATGATAA/ on line -4...
SUCCESS
Looking for real...found it: 144.0
[Success matching performance keys for studies/shootout/submitted/revcomp3]
[Executing program $HOMEchapel/util/test/timers/highPrecisionTimer ./revcomp3 --n=0 < /tmp/chplTestTmpDir.hbo_es8c/fasta.rvcmp]
[Reporting processes with top 5 highest cpu usages]
USER         PID %CPU COMMAND
ubuntu    234638 11.3 python3 $HOMEchapel/util/test/sub_test.py $HOMEchapel/bin/linux64-riscv64/chpl
root         204  7.4 [irq/79-fusb303b_interrupt_int_n]
ubuntu    246130  200 ps ax -o user,pid,pcpu,command
root       80201  0.1 /usr/bin/es-bmcd
ubuntu    246131  0.0 tail -n +2
[Elapsed execution time for "studies/shootout/submitted/revcomp3" - 146.295 seconds]
[Executing $HOMEchapel/util/test/computePerfStats revcomp3-submitted $HOMEchapel/test/perfdat/clbg_comparison revcomp3.perfkeys revcomp3.exec.out.tmp False 07/28/26]
Using set date 07/28/26
Checking for /AACATTACAGGTAATGATAA/ on line -4...
SUCCESS
Looking for real...found it: 143.3
[Success matching performance keys for studies/shootout/submitted/revcomp3]
[Executing program $HOMEchapel/util/test/timers/highPrecisionTimer ./revcomp3 --n=0 < /tmp/chplTestTmpDir.hbo_es8c/fasta.rvcmp]
[Reporting processes with top 5 highest cpu usages]
USER         PID %CPU COMMAND
ubuntu    234638 11.6 python3 $HOMEchapel/util/test/sub_test.py $HOMEchapel/bin/linux64-riscv64/chpl
root         204  7.4 [irq/79-fusb303b_interrupt_int_n]
root      246025  0.2 [kworker/u16:2-events_unbound]
root       80201  0.1 /usr/bin/es-bmcd
ubuntu    246374  0.0 tail -n +2
[Elapsed execution time for "studies/shootout/submitted/revcomp3" - 147.153 seconds]
[Executing $HOMEchapel/util/test/computePerfStats revcomp3-submitted $HOMEchapel/test/perfdat/clbg_comparison revcomp3.perfkeys revcomp3.exec.out.tmp False 07/28/26]
Using set date 07/28/26
Checking for /AACATTACAGGTAATGATAA/ on line -4...
SUCCESS
Looking for real...found it: 144.1
[Success matching performance keys for studies/shootout/submitted/revcomp3]
[Executing program $HOMEchapel/util/test/timers/highPrecisionTimer ./revcomp3 --n=0 < /tmp/chplTestTmpDir.hbo_es8c/fasta.rvcmp]
[Reporting processes with top 5 highest cpu usages]
USER         PID %CPU COMMAND
ubuntu    234638 12.0 python3 $HOMEchapel/util/test/sub_test.py $HOMEchapel/bin/linux64-riscv64/chpl
root         204  7.4 [irq/79-fusb303b_interrupt_int_n]
ubuntu    246612  200 ps ax -o user,pid,pcpu,command
root      246025  0.1 [kworker/u16:2-events_unbound]
root      241476  0.1 [kworker/u16:0-events_unbound]
[Elapsed execution time for "studies/shootout/submitted/revcomp3" - 146.807 seconds]
[Executing $HOMEchapel/util/test/computePerfStats revcomp3-submitted $HOMEchapel/test/perfdat/clbg_comparison revcomp3.perfkeys revcomp3.exec.out.tmp False 07/28/26]
Using set date 07/28/26
Checking for /AACATTACAGGTAATGATAA/ on line -4...
SUCCESS
Looking for real...found it: 143.8
[Success matching performance keys for studies/shootout/submitted/revcomp3]
[Executing program $HOMEchapel/util/test/timers/highPrecisionTimer ./revcomp3 --n=0 < /tmp/chplTestTmpDir.hbo_es8c/fasta.rvcmp]
[Reporting processes with top 5 highest cpu usages]
USER         PID %CPU COMMAND
ubuntu    234638 12.3 python3 $HOMEchapel/util/test/sub_test.py $HOMEchapel/bin/linux64-riscv64/chpl
root         204  7.4 [irq/79-fusb303b_interrupt_int_n]
ubuntu    246864  200 ps ax -o user,pid,pcpu,command
root      246025  0.2 [kworker/u16:2-kvfree_rcu_reclaim]
root      241476  0.1 [kworker/u16:0-kvfree_rcu_reclaim]
[Elapsed execution time for "studies/shootout/submitted/revcomp3" - 146.958 seconds]
[Executing $HOMEchapel/util/test/computePerfStats revcomp3-submitted $HOMEchapel/test/perfdat/clbg_comparison revcomp3.perfkeys revcomp3.exec.out.tmp False 07/28/26]
Using set date 07/28/26
Checking for /AACATTACAGGTAATGATAA/ on line -4...
SUCCESS
Looking for real...found it: 144.0
[Success matching performance keys for studies/shootout/submitted/revcomp3]
[Executing program $HOMEchapel/util/test/timers/highPrecisionTimer ./revcomp3 --n=0 < /tmp/chplTestTmpDir.hbo_es8c/fasta.rvcmp]
[Reporting processes with top 5 highest cpu usages]
USER         PID %CPU COMMAND
ubuntu    234638 12.6 python3 $HOMEchapel/util/test/sub_test.py $HOMEchapel/bin/linux64-riscv64/chpl
root         204  7.4 [irq/79-fusb303b_interrupt_int_n]
root      246025  0.2 [kworker/u16:2-flush-179:0]
root      241476  0.1 [kworker/u16:0-events_unbound]
root       80201  0.1 /usr/bin/es-bmcd
[Elapsed execution time for "studies/shootout/submitted/revcomp3" - 145.928 seconds]
[Executing $HOMEchapel/util/test/computePerfStats revcomp3-submitted $HOMEchapel/test/perfdat/clbg_comparison revcomp3.perfkeys revcomp3.exec.out.tmp False 07/28/26]
Using set date 07/28/26
Checking for /AACATTACAGGTAATGATAA/ on line -4...
SUCCESS
Looking for real...found it: 143.0
[Success matching performance keys for studies/shootout/submitted/revcomp3]
[Elapsed time to compile and execute all versions of "studies/shootout/submitted/revcomp3" - 2798.028 seconds]
[test: studies/shootout/submitted/revcomp5.chpl]
[Executing compiler $HOMEchapel/bin/linux64-riscv64/chpl --fast --cc-warnings revcomp5.chpl < /dev/null]
[Elapsed compilation time for "studies/shootout/submitted/revcomp5" - 38.232 seconds]
[Success compiling studies/shootout/submitted/revcomp5]
[Executing ./PREEXEC]
[Executing program $HOMEchapel/util/test/timers/highPrecisionTimer ./revcomp5 --n=0 < /tmp/chplTestTmpDir.hbo_es8c/fasta.rvcmp]
[Reporting processes with top 5 highest cpu usages]
USER         PID %CPU COMMAND
ubuntu    234638 12.7 python3 $HOMEchapel/util/test/sub_test.py $HOMEchapel/bin/linux64-riscv64/chpl
root         204  7.3 [irq/79-fusb303b_interrupt_int_n]
ubuntu    247512  200 ps ax -o user,pid,pcpu,command
root      246025  0.1 [kworker/u16:2-events_unbound]
root      241476  0.1 [kworker/u16:0-kvfree_rcu_reclaim]
[Elapsed execution time for "studies/shootout/submitted/revcomp5" - 147.343 seconds]
[Executing $HOMEchapel/util/test/computePerfStats revcomp5-submitted $HOMEchapel/test/perfdat/clbg_comparison revcomp5.perfkeys revcomp5.exec.out.tmp False 07/28/26]
Using set date 07/28/26
Checking for /AACATTACAGGTAATGATAA/ on line -4...
SUCCESS
Looking for real...found it: 144.4
[Success matching performance keys for studies/shootout/submitted/revcomp5]
[Executing program $HOMEchapel/util/test/timers/highPrecisionTimer ./revcomp5 --n=0 < /tmp/chplTestTmpDir.hbo_es8c/fasta.rvcmp]
[Reporting processes with top 5 highest cpu usages]
USER         PID %CPU COMMAND
ubuntu    234638 13.0 python3 $HOMEchapel/util/test/sub_test.py $HOMEchapel/bin/linux64-riscv64/chpl
root         204  7.3 [irq/79-fusb303b_interrupt_int_n]
ubuntu    247767  200 ps ax -o user,pid,pcpu,command
root      246025  0.1 [kworker/u16:2-writeback]
root      241476  0.1 [kworker/u16:0-kvfree_rcu_reclaim]
[Elapsed execution time for "studies/shootout/submitted/revcomp5" - 147.008 seconds]
[Executing $HOMEchapel/util/test/computePerfStats revcomp5-submitted $HOMEchapel/test/perfdat/clbg_comparison revcomp5.perfkeys revcomp5.exec.out.tmp False 07/28/26]
Using set date 07/28/26
Checking for /AACATTACAGGTAATGATAA/ on line -4...
SUCCESS
Looking for real...found it: 144.1
[Success matching performance keys for studies/shootout/submitted/revcomp5]
[Executing program $HOMEchapel/util/test/timers/highPrecisionTimer ./revcomp5 --n=0 < /tmp/chplTestTmpDir.hbo_es8c/fasta.rvcmp]
[Reporting processes with top 5 highest cpu usages]
USER         PID %CPU COMMAND
ubuntu    234638 13.2 python3 $HOMEchapel/util/test/sub_test.py $HOMEchapel/bin/linux64-riscv64/chpl
root         204  7.3 [irq/79-fusb303b_interrupt_int_n]
root      247749  0.2 [kworker/u16:4-flush-179:0]
root      246025  0.1 [kworker/u16:2-events_unbound]
root      241476  0.1 [kworker/u16:0-kvfree_rcu_reclaim]
[Elapsed execution time for "studies/shootout/submitted/revcomp5" - 148.048 seconds]
[Executing $HOMEchapel/util/test/computePerfStats revcomp5-submitted $HOMEchapel/test/perfdat/clbg_comparison revcomp5.perfkeys revcomp5.exec.out.tmp False 07/28/26]
Using set date 07/28/26
Checking for /AACATTACAGGTAATGATAA/ on line -4...
SUCCESS
Looking for real...found it: 145.0
[Success matching performance keys for studies/shootout/submitted/revcomp5]
[Executing program $HOMEchapel/util/test/timers/highPrecisionTimer ./revcomp5 --n=0 < /tmp/chplTestTmpDir.hbo_es8c/fasta.rvcmp]
[Reporting processes with top 5 highest cpu usages]
USER         PID %CPU COMMAND
ubuntu    234638 13.4 python3 $HOMEchapel/util/test/sub_test.py $HOMEchapel/bin/linux64-riscv64/chpl
root         204  7.3 [irq/79-fusb303b_interrupt_int_n]
root      247749  0.1 [kworker/u16:4-kvfree_rcu_reclaim]
root      246025  0.1 [kworker/u16:2-events_unbound]
root       80201  0.1 /usr/bin/es-bmcd
[Elapsed execution time for "studies/shootout/submitted/revcomp5" - 147.258 seconds]
[Executing $HOMEchapel/util/test/computePerfStats revcomp5-submitted $HOMEchapel/test/perfdat/clbg_comparison revcomp5.perfkeys revcomp5.exec.out.tmp False 07/28/26]
Using set date 07/28/26
Checking for /AACATTACAGGTAATGATAA/ on line -4...
SUCCESS
Looking for real...found it: 144.3
[Success matching performance keys for studies/shootout/submitted/revcomp5]
[Executing program $HOMEchapel/util/test/timers/highPrecisionTimer ./revcomp5 --n=0 < /tmp/chplTestTmpDir.hbo_es8c/fasta.rvcmp]
[Reporting processes with top 5 highest cpu usages]
USER         PID %CPU COMMAND
ubuntu    234638 13.6 python3 $HOMEchapel/util/test/sub_test.py $HOMEchapel/bin/linux64-riscv64/chpl
root         204  7.3 [irq/79-fusb303b_interrupt_int_n]
root      247749  0.1 [kworker/u16:4-kvfree_rcu_reclaim]
root      246025  0.1 [kworker/u16:2-events_unbound]
root       80201  0.1 /usr/bin/es-bmcd
[Elapsed execution time for "studies/shootout/submitted/revcomp5" - 147.642 seconds]
[Executing $HOMEchapel/util/test/computePerfStats revcomp5-submitted $HOMEchapel/test/perfdat/clbg_comparison revcomp5.perfkeys revcomp5.exec.out.tmp False 07/28/26]
Using set date 07/28/26
Checking for /AACATTACAGGTAATGATAA/ on line -4...
SUCCESS
Looking for real...found it: 144.6
[Success matching performance keys for studies/shootout/submitted/revcomp5]
[Executing program $HOMEchapel/util/test/timers/highPrecisionTimer ./revcomp5 --n=0 < /tmp/chplTestTmpDir.hbo_es8c/fasta.rvcmp]
[Reporting processes with top 5 highest cpu usages]
USER         PID %CPU COMMAND
ubuntu    234638 13.8 python3 $HOMEchapel/util/test/sub_test.py $HOMEchapel/bin/linux64-riscv64/chpl
root         204  7.3 [irq/79-fusb303b_interrupt_int_n]
root      247749  0.2 [kworker/u16:4-ipv6_addrconf]
root      246025  0.1 [kworker/u16:2-events_unbound]
root       80201  0.1 /usr/bin/es-bmcd
[Elapsed execution time for "studies/shootout/submitted/revcomp5" - 148.201 seconds]
[Executing $HOMEchapel/util/test/computePerfStats revcomp5-submitted $HOMEchapel/test/perfdat/clbg_comparison revcomp5.perfkeys revcomp5.exec.out.tmp False 07/28/26]
Using set date 07/28/26
Checking for /AACATTACAGGTAATGATAA/ on line -4...
SUCCESS
Looking for real...found it: 145.2
[Success matching performance keys for studies/shootout/submitted/revcomp5]
[Executing program $HOMEchapel/util/test/timers/highPrecisionTimer ./revcomp5 --n=0 < /tmp/chplTestTmpDir.hbo_es8c/fasta.rvcmp]
[Reporting processes with top 5 highest cpu usages]
USER         PID %CPU COMMAND
ubuntu    234638 14.0 python3 $HOMEchapel/util/test/sub_test.py $HOMEchapel/bin/linux64-riscv64/chpl
root         204  7.3 [irq/79-fusb303b_interrupt_int_n]
root      247749  0.1 [kworker/u16:4-kvfree_rcu_reclaim]
root      246025  0.1 [kworker/u16:2-events_unbound]
root      248567  0.1 [kworker/u16:0-kvfree_rcu_reclaim]
[Elapsed execution time for "studies/shootout/submitted/revcomp5" - 147.322 seconds]
[Executing $HOMEchapel/util/test/computePerfStats revcomp5-submitted $HOMEchapel/test/perfdat/clbg_comparison revcomp5.perfkeys revcomp5.exec.out.tmp False 07/28/26]
Using set date 07/28/26
Checking for /AACATTACAGGTAATGATAA/ on line -4...
SUCCESS
Looking for real...found it: 144.3
[Success matching performance keys for studies/shootout/submitted/revcomp5]
[Executing program $HOMEchapel/util/test/timers/highPrecisionTimer ./revcomp5 --n=0 < /tmp/chplTestTmpDir.hbo_es8c/fasta.rvcmp]
[Reporting processes with top 5 highest cpu usages]
USER         PID %CPU COMMAND
ubuntu    234638 14.2 python3 $HOMEchapel/util/test/sub_test.py $HOMEchapel/bin/linux64-riscv64/chpl
root         204  7.3 [irq/79-fusb303b_interrupt_int_n]
root      246025  0.1 [kworker/u16:2-flush-179:0]
root      248567  0.1 [kworker/u16:0-kvfree_rcu_reclaim]
root       80201  0.1 /usr/bin/es-bmcd
[Elapsed execution time for "studies/shootout/submitted/revcomp5" - 148.295 seconds]
[Executing $HOMEchapel/util/test/computePerfStats revcomp5-submitted $HOMEchapel/test/perfdat/clbg_comparison revcomp5.perfkeys revcomp5.exec.out.tmp False 07/28/26]
Using set date 07/28/26
Checking for /AACATTACAGGTAATGATAA/ on line -4...
SUCCESS
Looking for real...found it: 145.3
[Success matching performance keys for studies/shootout/submitted/revcomp5]
[Executing program $HOMEchapel/util/test/timers/highPrecisionTimer ./revcomp5 --n=0 < /tmp/chplTestTmpDir.hbo_es8c/fasta.rvcmp]
[Reporting processes with top 5 highest cpu usages]
USER         PID %CPU COMMAND
ubuntu    234638 14.3 python3 $HOMEchapel/util/test/sub_test.py $HOMEchapel/bin/linux64-riscv64/chpl
root         204  7.2 [irq/79-fusb303b_interrupt_int_n]
ubuntu    249465  300 ps ax -o user,pid,pcpu,command
root      246025  0.1 [kworker/u16:2-kvfree_rcu_reclaim]
root      248567  0.1 [kworker/u16:0-events_unbound]
[Elapsed execution time for "studies/shootout/submitted/revcomp5" - 147.296 seconds]
[Executing $HOMEchapel/util/test/computePerfStats revcomp5-submitted $HOMEchapel/test/perfdat/clbg_comparison revcomp5.perfkeys revcomp5.exec.out.tmp False 07/28/26]
Using set date 07/28/26
Checking for /AACATTACAGGTAATGATAA/ on line -4...
SUCCESS
Looking for real...found it: 144.3
[Success matching performance keys for studies/shootout/submitted/revcomp5]
[Executing program $HOMEchapel/util/test/timers/highPrecisionTimer ./revcomp5 --n=0 < /tmp/chplTestTmpDir.hbo_es8c/fasta.rvcmp]
[Reporting processes with top 5 highest cpu usages]
USER         PID %CPU COMMAND
ubuntu    234638 14.5 python3 $HOMEchapel/util/test/sub_test.py $HOMEchapel/bin/linux64-riscv64/chpl
root         204  7.2 [irq/79-fusb303b_interrupt_int_n]
ubuntu    249708  200 ps ax -o user,pid,pcpu,command
root      248567  0.2 [kworker/u16:0-events_unbound]
root      246025  0.1 [kworker/u16:2-events_unbound]
[Elapsed execution time for "studies/shootout/submitted/revcomp5" - 147.912 seconds]
[Executing $HOMEchapel/util/test/computePerfStats revcomp5-submitted $HOMEchapel/test/perfdat/clbg_comparison revcomp5.perfkeys revcomp5.exec.out.tmp False 07/28/26]
Using set date 07/28/26
Checking for /AACATTACAGGTAATGATAA/ on line -4...
SUCCESS
Looking for real...found it: 144.9
[Success matching performance keys for studies/shootout/submitted/revcomp5]
[Elapsed time to compile and execute all versions of "studies/shootout/submitted/revcomp5" - 2809.458 seconds]
[test: studies/shootout/submitted/revcomp9.chpl]
[Executing compiler $HOMEchapel/bin/linux64-riscv64/chpl --fast --cc-warnings revcomp9.chpl < /dev/null]
[Elapsed compilation time for "studies/shootout/submitted/revcomp9" - 39.240 seconds]
[Success compiling studies/shootout/submitted/revcomp9]
[Executing ./PREEXEC]
[Executing program $HOMEchapel/util/test/timers/highPrecisionTimer ./revcomp9 --n=0 < /tmp/chplTestTmpDir.hbo_es8c/fasta.rvcmp]
[Reporting processes with top 5 highest cpu usages]
USER         PID %CPU COMMAND
ubuntu    234638 14.7 python3 $HOMEchapel/util/test/sub_test.py $HOMEchapel/bin/linux64-riscv64/chpl
root         204  7.2 [irq/79-fusb303b_interrupt_int_n]
ubuntu    250029  200 ps ax -o user,pid,pcpu,command
root      248567  0.2 [kworker/u16:0-kvfree_rcu_reclaim]
root      246025  0.1 [kworker/u16:2-events_unbound]
[Elapsed execution time for "studies/shootout/submitted/revcomp9" - 47.795 seconds]
[Executing $HOMEchapel/util/test/computePerfStats revcomp8-submitted $HOMEchapel/test/perfdat/clbg_comparison revcomp9.perfkeys revcomp9.exec.out.tmp False 07/28/26]
Using set date 07/28/26
Checking for /^AACATTACAGGTAATGATAA$/ on line -4...
SUCCESS
Looking for real...found it: 44.56
[Success matching performance keys for studies/shootout/submitted/revcomp9]
[Executing program $HOMEchapel/util/test/timers/highPrecisionTimer ./revcomp9 --n=0 < /tmp/chplTestTmpDir.hbo_es8c/fasta.rvcmp]
[Reporting processes with top 5 highest cpu usages]
USER         PID %CPU COMMAND
ubuntu    234638 15.0 python3 $HOMEchapel/util/test/sub_test.py $HOMEchapel/bin/linux64-riscv64/chpl
root         204  7.2 [irq/79-fusb303b_interrupt_int_n]
ubuntu    250195  200 ps ax -o user,pid,pcpu,command
root      248567  0.2 [kworker/u16:0-kvfree_rcu_reclaim]
root      246025  0.1 [kworker/u16:2-events_unbound]
[Elapsed execution time for "studies/shootout/submitted/revcomp9" - 46.881 seconds]
[Executing $HOMEchapel/util/test/computePerfStats revcomp8-submitted $HOMEchapel/test/perfdat/clbg_comparison revcomp9.perfkeys revcomp9.exec.out.tmp False 07/28/26]
Using set date 07/28/26
Checking for /^AACATTACAGGTAATGATAA$/ on line -4...
SUCCESS
Looking for real...found it: 43.69
[Success matching performance keys for studies/shootout/submitted/revcomp9]
[Executing program $HOMEchapel/util/test/timers/highPrecisionTimer ./revcomp9 --n=0 < /tmp/chplTestTmpDir.hbo_es8c/fasta.rvcmp]
[Reporting processes with top 5 highest cpu usages]
USER         PID %CPU COMMAND
ubuntu    234638 15.3 python3 $HOMEchapel/util/test/sub_test.py $HOMEchapel/bin/linux64-riscv64/chpl
root         204  7.2 [irq/79-fusb303b_interrupt_int_n]
root      249986  0.2 [kworker/u16:1-events_unbound]
root      248811  0.1 [kworker/u16:3-kvfree_rcu_reclaim]
root      246025  0.1 [kworker/u16:2-flush-179:0]
[Elapsed execution time for "studies/shootout/submitted/revcomp9" - 46.737 seconds]
[Executing $HOMEchapel/util/test/computePerfStats revcomp8-submitted $HOMEchapel/test/perfdat/clbg_comparison revcomp9.perfkeys revcomp9.exec.out.tmp False 07/28/26]
Using set date 07/28/26
Checking for /^AACATTACAGGTAATGATAA$/ on line -4...
SUCCESS
Looking for real...found it: 43.72
[Success matching performance keys for studies/shootout/submitted/revcomp9]
[Executing program $HOMEchapel/util/test/timers/highPrecisionTimer ./revcomp9 --n=0 < /tmp/chplTestTmpDir.hbo_es8c/fasta.rvcmp]
[Reporting processes with top 5 highest cpu usages]
USER         PID %CPU COMMAND
ubuntu    234638 15.6 python3 $HOMEchapel/util/test/sub_test.py $HOMEchapel/bin/linux64-riscv64/chpl
root         204  7.2 [irq/79-fusb303b_interrupt_int_n]
root      249986  0.3 [kworker/u16:1-events_unbound]
root      246025  0.1 [kworker/u16:2-flush-179:0]
root      248567  0.1 [kworker/u16:0-events_unbound]
[Elapsed execution time for "studies/shootout/submitted/revcomp9" - 47.761 seconds]
[Executing $HOMEchapel/util/test/computePerfStats revcomp8-submitted $HOMEchapel/test/perfdat/clbg_comparison revcomp9.perfkeys revcomp9.exec.out.tmp False 07/28/26]
Using set date 07/28/26
Checking for /^AACATTACAGGTAATGATAA$/ on line -4...
SUCCESS
Looking for real...found it: 44.56
[Success matching performance keys for studies/shootout/submitted/revcomp9]
[Executing program $HOMEchapel/util/test/timers/highPrecisionTimer ./revcomp9 --n=0 < /tmp/chplTestTmpDir.hbo_es8c/fasta.rvcmp]
[Reporting processes with top 5 highest cpu usages]
USER         PID %CPU COMMAND
ubuntu    234638 15.8 python3 $HOMEchapel/util/test/sub_test.py $HOMEchapel/bin/linux64-riscv64/chpl
root         204  7.2 [irq/79-fusb303b_interrupt_int_n]
ubuntu    250682  200 ps ax -o user,pid,pcpu,command
root      249986  0.3 [kworker/u16:1-events_unbound]
root      246025  0.1 [kworker/u16:2-flush-179:0]
[Elapsed execution time for "studies/shootout/submitted/revcomp9" - 46.897 seconds]
[Executing $HOMEchapel/util/test/computePerfStats revcomp8-submitted $HOMEchapel/test/perfdat/clbg_comparison revcomp9.perfkeys revcomp9.exec.out.tmp False 07/28/26]
Using set date 07/28/26
Checking for /^AACATTACAGGTAATGATAA$/ on line -4...
SUCCESS
Looking for real...found it: 43.71
[Success matching performance keys for studies/shootout/submitted/revcomp9]
[Executing program $HOMEchapel/util/test/timers/highPrecisionTimer ./revcomp9 --n=0 < /tmp/chplTestTmpDir.hbo_es8c/fasta.rvcmp]
[Reporting processes with top 5 highest cpu usages]
USER         PID %CPU COMMAND
ubuntu    234638 16.1 python3 $HOMEchapel/util/test/sub_test.py $HOMEchapel/bin/linux64-riscv64/chpl
root         204  7.2 [irq/79-fusb303b_interrupt_int_n]
ubuntu    250839  200 ps ax -o user,pid,pcpu,command
root      249986  0.2 [kworker/u16:1-flush-179:0]
root      248567  0.2 [kworker/u16:0-events_unbound]
[Elapsed execution time for "studies/shootout/submitted/revcomp9" - 46.885 seconds]
[Executing $HOMEchapel/util/test/computePerfStats revcomp8-submitted $HOMEchapel/test/perfdat/clbg_comparison revcomp9.perfkeys revcomp9.exec.out.tmp False 07/28/26]
Using set date 07/28/26
Checking for /^AACATTACAGGTAATGATAA$/ on line -4...
SUCCESS
Looking for real...found it: 43.85
[Success matching performance keys for studies/shootout/submitted/revcomp9]
[Executing program $HOMEchapel/util/test/timers/highPrecisionTimer ./revcomp9 --n=0 < /tmp/chplTestTmpDir.hbo_es8c/fasta.rvcmp]
[Reporting processes with top 5 highest cpu usages]
USER         PID %CPU COMMAND
ubuntu    234638 16.3 python3 $HOMEchapel/util/test/sub_test.py $HOMEchapel/bin/linux64-riscv64/chpl
root         204  7.2 [irq/79-fusb303b_interrupt_int_n]
ubuntu    251002  200 ps ax -o user,pid,pcpu,command
root      250806  0.4 [kworker/u16:4-events_unbound]
root      249986  0.2 [kworker/u16:1-flush-179:0]
[Elapsed execution time for "studies/shootout/submitted/revcomp9" - 46.844 seconds]
[Executing $HOMEchapel/util/test/computePerfStats revcomp8-submitted $HOMEchapel/test/perfdat/clbg_comparison revcomp9.perfkeys revcomp9.exec.out.tmp False 07/28/26]
Using set date 07/28/26
Checking for /^AACATTACAGGTAATGATAA$/ on line -4...
SUCCESS
Looking for real...found it: 43.79
[Success matching performance keys for studies/shootout/submitted/revcomp9]
[Executing program $HOMEchapel/util/test/timers/highPrecisionTimer ./revcomp9 --n=0 < /tmp/chplTestTmpDir.hbo_es8c/fasta.rvcmp]
[Reporting processes with top 5 highest cpu usages]
USER         PID %CPU COMMAND
ubuntu    234638 16.5 python3 $HOMEchapel/util/test/sub_test.py $HOMEchapel/bin/linux64-riscv64/chpl
root         204  7.2 [irq/79-fusb303b_interrupt_int_n]
root      250806  0.3 [kworker/u16:4-writeback]
root      248567  0.2 [kworker/u16:0-events_unbound]
root      251153  0.2 /usr/libexec/nm-dispatcher
[Elapsed execution time for "studies/shootout/submitted/revcomp9" - 47.167 seconds]
[Executing $HOMEchapel/util/test/computePerfStats revcomp8-submitted $HOMEchapel/test/perfdat/clbg_comparison revcomp9.perfkeys revcomp9.exec.out.tmp False 07/28/26]
Using set date 07/28/26
Checking for /^AACATTACAGGTAATGATAA$/ on line -4...
SUCCESS
Looking for real...found it: 43.97
[Success matching performance keys for studies/shootout/submitted/revcomp9]
[Executing program $HOMEchapel/util/test/timers/highPrecisionTimer ./revcomp9 --n=0 < /tmp/chplTestTmpDir.hbo_es8c/fasta.rvcmp]
[Reporting processes with top 5 highest cpu usages]
USER         PID %CPU COMMAND
ubuntu    234638 16.7 python3 $HOMEchapel/util/test/sub_test.py $HOMEchapel/bin/linux64-riscv64/chpl
root         204  7.2 [irq/79-fusb303b_interrupt_int_n]
root      250806  0.2 [kworker/u16:4-flush-179:0]
root      248567  0.2 [kworker/u16:0-events_unbound]
root      246025  0.1 [kworker/u16:2-flush-179:0]
[Elapsed execution time for "studies/shootout/submitted/revcomp9" - 47.135 seconds]
[Executing $HOMEchapel/util/test/computePerfStats revcomp8-submitted $HOMEchapel/test/perfdat/clbg_comparison revcomp9.perfkeys revcomp9.exec.out.tmp False 07/28/26]
Using set date 07/28/26
Checking for /^AACATTACAGGTAATGATAA$/ on line -4...
SUCCESS
Looking for real...found it: 44.1
[Success matching performance keys for studies/shootout/submitted/revcomp9]
[Executing program $HOMEchapel/util/test/timers/highPrecisionTimer ./revcomp9 --n=0 < /tmp/chplTestTmpDir.hbo_es8c/fasta.rvcmp]
[Reporting processes with top 5 highest cpu usages]
USER         PID %CPU COMMAND
ubuntu    234638 16.9 python3 $HOMEchapel/util/test/sub_test.py $HOMEchapel/bin/linux64-riscv64/chpl
root         204  7.2 [irq/79-fusb303b_interrupt_int_n]
ubuntu    251495  300 ps ax -o user,pid,pcpu,command
root      250806  0.2 [kworker/u16:4-events_unbound]
root      248567  0.2 [kworker/u16:0-events_unbound]
[Elapsed execution time for "studies/shootout/submitted/revcomp9" - 46.880 seconds]
[Executing $HOMEchapel/util/test/computePerfStats revcomp8-submitted $HOMEchapel/test/perfdat/clbg_comparison revcomp9.perfkeys revcomp9.exec.out.tmp False 07/28/26]
Using set date 07/28/26
Checking for /^AACATTACAGGTAATGATAA$/ on line -4...
SUCCESS
Looking for real...found it: 43.83
[Success matching performance keys for studies/shootout/submitted/revcomp9]
[Elapsed time to compile and execute all versions of "studies/shootout/submitted/revcomp9" - 1806.380 seconds]
[test: studies/shootout/submitted/spectralnorm.chpl]
[Executing compiler $HOMEchapel/bin/linux64-riscv64/chpl --fast --cc-warnings spectralnorm.chpl < /dev/null]
[Elapsed compilation time for "studies/shootout/submitted/spectralnorm" - 38.092 seconds]
[Success compiling studies/shootout/submitted/spectralnorm]
[Executing ./PREEXEC]
[Executing program $HOMEchapel/util/test/timers/highPrecisionTimer ./spectralnorm --n=5500 < /dev/null]
[Reporting processes with top 5 highest cpu usages]
USER         PID %CPU COMMAND
ubuntu    234638 17.1 python3 $HOMEchapel/util/test/sub_test.py $HOMEchapel/bin/linux64-riscv64/chpl
root         204  7.1 [irq/79-fusb303b_interrupt_int_n]
ubuntu    251849  200 ps ax -o user,pid,pcpu,command
root      250806  0.2 [kworker/u16:4-events_unbound]
root      248567  0.2 [kworker/u16:0-kvfree_rcu_reclaim]
[Elapsed execution time for "studies/shootout/submitted/spectralnorm (execopts: 1)" - 7.786 seconds]
[Executing $HOMEchapel/util/test/computePerfStats spectralnorm-submitted $HOMEchapel/test/perfdat/clbg_comparison spectralnorm.perfkeys spectralnorm.0-1.exec.out.tmp False 07/28/26]
Using set date 07/28/26
Checking for /1.274224153/ on line -4...
SUCCESS
Looking for real...found it: 7.571
[Success matching performance keys for studies/shootout/submitted/spectralnorm]
[Executing program $HOMEchapel/util/test/timers/highPrecisionTimer ./spectralnorm --n=5500 < /dev/null]
[Reporting processes with top 5 highest cpu usages]
USER         PID %CPU COMMAND
ubuntu    234638 17.1 python3 $HOMEchapel/util/test/sub_test.py $HOMEchapel/bin/linux64-riscv64/chpl
root         204  7.1 [irq/79-fusb303b_interrupt_int_n]
root      250806  0.2 [kworker/u16:4-events_unbound]
root      248567  0.2 [kworker/u16:0-kvfree_rcu_reclaim]
root       80201  0.1 /usr/bin/es-bmcd
[Elapsed execution time for "studies/shootout/submitted/spectralnorm (execopts: 1)" - 7.776 seconds]
[Executing $HOMEchapel/util/test/computePerfStats spectralnorm-submitted $HOMEchapel/test/perfdat/clbg_comparison spectralnorm.perfkeys spectralnorm.0-1.exec.out.tmp False 07/28/26]
Using set date 07/28/26
Checking for /1.274224153/ on line -4...
SUCCESS
Looking for real...found it: 7.572
[Success matching performance keys for studies/shootout/submitted/spectralnorm]
[Executing program $HOMEchapel/util/test/timers/highPrecisionTimer ./spectralnorm --n=5500 < /dev/null]
[Reporting processes with top 5 highest cpu usages]
USER         PID %CPU COMMAND
ubuntu    234638 17.1 python3 $HOMEchapel/util/test/sub_test.py $HOMEchapel/bin/linux64-riscv64/chpl
root         204  7.1 [irq/79-fusb303b_interrupt_int_n]
root      250806  0.2 [kworker/u16:4-events_unbound]
root      248567  0.2 [kworker/u16:0-kvfree_rcu_reclaim]
root       80201  0.1 /usr/bin/es-bmcd
[Elapsed execution time for "studies/shootout/submitted/spectralnorm (execopts: 1)" - 7.781 seconds]
[Executing $HOMEchapel/util/test/computePerfStats spectralnorm-submitted $HOMEchapel/test/perfdat/clbg_comparison spectralnorm.perfkeys spectralnorm.0-1.exec.out.tmp False 07/28/26]
Using set date 07/28/26
Checking for /1.274224153/ on line -4...
SUCCESS
Looking for real...found it: 7.575
[Success matching performance keys for studies/shootout/submitted/spectralnorm]
[Executing program $HOMEchapel/util/test/timers/highPrecisionTimer ./spectralnorm --n=5500 < /dev/null]
[Reporting processes with top 5 highest cpu usages]
USER         PID %CPU COMMAND
ubuntu    234638 17.1 python3 $HOMEchapel/util/test/sub_test.py $HOMEchapel/bin/linux64-riscv64/chpl
root         204  7.1 [irq/79-fusb303b_interrupt_int_n]
root      250806  0.2 [kworker/u16:4-events_unbound]
root      248567  0.2 [kworker/u16:0-kvfree_rcu_reclaim]
root       80201  0.1 /usr/bin/es-bmcd
[Elapsed execution time for "studies/shootout/submitted/spectralnorm (execopts: 1)" - 7.784 seconds]
[Executing $HOMEchapel/util/test/computePerfStats spectralnorm-submitted $HOMEchapel/test/perfdat/clbg_comparison spectralnorm.perfkeys spectralnorm.0-1.exec.out.tmp False 07/28/26]
Using set date 07/28/26
Checking for /1.274224153/ on line -4...
SUCCESS
Looking for real...found it: 7.565
[Success matching performance keys for studies/shootout/submitted/spectralnorm]
[Executing program $HOMEchapel/util/test/timers/highPrecisionTimer ./spectralnorm --n=5500 < /dev/null]
[Reporting processes with top 5 highest cpu usages]
USER         PID %CPU COMMAND
ubuntu    234638 17.1 python3 $HOMEchapel/util/test/sub_test.py $HOMEchapel/bin/linux64-riscv64/chpl
root         204  7.1 [irq/79-fusb303b_interrupt_int_n]
root      250806  0.2 [kworker/u16:4-kvfree_rcu_reclaim]
root      248567  0.2 [kworker/u16:0-kvfree_rcu_reclaim]
root       80201  0.1 /usr/bin/es-bmcd
[Elapsed execution time for "studies/shootout/submitted/spectralnorm (execopts: 1)" - 7.767 seconds]
[Executing $HOMEchapel/util/test/computePerfStats spectralnorm-submitted $HOMEchapel/test/perfdat/clbg_comparison spectralnorm.perfkeys spectralnorm.0-1.exec.out.tmp False 07/28/26]
Using set date 07/28/26
Checking for /1.274224153/ on line -4...
SUCCESS
Looking for real...found it: 7.564
[Success matching performance keys for studies/shootout/submitted/spectralnorm]
[Executing program $HOMEchapel/util/test/timers/highPrecisionTimer ./spectralnorm --n=5500 < /dev/null]
[Reporting processes with top 5 highest cpu usages]
USER         PID %CPU COMMAND
ubuntu    234638 17.1 python3 $HOMEchapel/util/test/sub_test.py $HOMEchapel/bin/linux64-riscv64/chpl
root         204  7.1 [irq/79-fusb303b_interrupt_int_n]
ubuntu    251961  200 ps ax -o user,pid,pcpu,command
root      250806  0.2 [kworker/u16:4-events_unbound]
root      248567  0.2 [kworker/u16:0-kvfree_rcu_reclaim]
[Elapsed execution time for "studies/shootout/submitted/spectralnorm (execopts: 1)" - 7.804 seconds]
[Executing $HOMEchapel/util/test/computePerfStats spectralnorm-submitted $HOMEchapel/test/perfdat/clbg_comparison spectralnorm.perfkeys spectralnorm.0-1.exec.out.tmp False 07/28/26]
Using set date 07/28/26
Checking for /1.274224153/ on line -4...
SUCCESS
Looking for real...found it: 7.588
[Success matching performance keys for studies/shootout/submitted/spectralnorm]
[Executing program $HOMEchapel/util/test/timers/highPrecisionTimer ./spectralnorm --n=5500 < /dev/null]
[Reporting processes with top 5 highest cpu usages]
USER         PID %CPU COMMAND
ubuntu    234638 17.1 python3 $HOMEchapel/util/test/sub_test.py $HOMEchapel/bin/linux64-riscv64/chpl
root         204  7.1 [irq/79-fusb303b_interrupt_int_n]
ubuntu    251981  200 ps ax -o user,pid,pcpu,command
root      250806  0.2 [kworker/u16:4-events_unbound]
root      248567  0.2 [kworker/u16:0-kvfree_rcu_reclaim]
[Elapsed execution time for "studies/shootout/submitted/spectralnorm (execopts: 1)" - 7.819 seconds]
[Executing $HOMEchapel/util/test/computePerfStats spectralnorm-submitted $HOMEchapel/test/perfdat/clbg_comparison spectralnorm.perfkeys spectralnorm.0-1.exec.out.tmp False 07/28/26]
Using set date 07/28/26
Checking for /1.274224153/ on line -4...
SUCCESS
Looking for real...found it: 7.607
[Success matching performance keys for studies/shootout/submitted/spectralnorm]
[Executing program $HOMEchapel/util/test/timers/highPrecisionTimer ./spectralnorm --n=5500 < /dev/null]
[Reporting processes with top 5 highest cpu usages]
USER         PID %CPU COMMAND
ubuntu    234638 17.1 python3 $HOMEchapel/util/test/sub_test.py $HOMEchapel/bin/linux64-riscv64/chpl
root         204  7.1 [irq/79-fusb303b_interrupt_int_n]
root      250806  0.2 [kworker/u16:4-flush-179:0]
root      248567  0.2 [kworker/u16:0-kvfree_rcu_reclaim]
root       80201  0.1 /usr/bin/es-bmcd
[Elapsed execution time for "studies/shootout/submitted/spectralnorm (execopts: 1)" - 7.779 seconds]
[Executing $HOMEchapel/util/test/computePerfStats spectralnorm-submitted $HOMEchapel/test/perfdat/clbg_comparison spectralnorm.perfkeys spectralnorm.0-1.exec.out.tmp False 07/28/26]
Using set date 07/28/26
Checking for /1.274224153/ on line -4...
SUCCESS
Looking for real...found it: 7.573
[Success matching performance keys for studies/shootout/submitted/spectralnorm]
[Executing program $HOMEchapel/util/test/timers/highPrecisionTimer ./spectralnorm --n=5500 < /dev/null]
[Reporting processes with top 5 highest cpu usages]
USER         PID %CPU COMMAND
ubuntu    234638 17.0 python3 $HOMEchapel/util/test/sub_test.py $HOMEchapel/bin/linux64-riscv64/chpl
root         204  7.1 [irq/79-fusb303b_interrupt_int_n]
ubuntu    252025  200 ps ax -o user,pid,pcpu,command
root      250806  0.2 [kworker/u16:4-kvfree_rcu_reclaim]
root      248567  0.2 [kworker/u16:0-kvfree_rcu_reclaim]
[Elapsed execution time for "studies/shootout/submitted/spectralnorm (execopts: 1)" - 7.794 seconds]
[Executing $HOMEchapel/util/test/computePerfStats spectralnorm-submitted $HOMEchapel/test/perfdat/clbg_comparison spectralnorm.perfkeys spectralnorm.0-1.exec.out.tmp False 07/28/26]
Using set date 07/28/26
Checking for /1.274224153/ on line -4...
SUCCESS
Looking for real...found it: 7.577
[Success matching performance keys for studies/shootout/submitted/spectralnorm]
[Executing program $HOMEchapel/util/test/timers/highPrecisionTimer ./spectralnorm --n=5500 < /dev/null]
[Reporting processes with top 5 highest cpu usages]
USER         PID %CPU COMMAND
ubuntu    234638 17.0 python3 $HOMEchapel/util/test/sub_test.py $HOMEchapel/bin/linux64-riscv64/chpl
root         204  7.1 [irq/79-fusb303b_interrupt_int_n]
ubuntu    252049  200 ps ax -o user,pid,pcpu,command
root      250806  0.2 [kworker/u16:4-flush-179:0]
root      248567  0.2 [kworker/u16:0-kvfree_rcu_reclaim]
[Elapsed execution time for "studies/shootout/submitted/spectralnorm (execopts: 1)" - 7.794 seconds]
[Executing $HOMEchapel/util/test/computePerfStats spectralnorm-submitted $HOMEchapel/test/perfdat/clbg_comparison spectralnorm.perfkeys spectralnorm.0-1.exec.out.tmp False 07/28/26]
Using set date 07/28/26
Checking for /1.274224153/ on line -4...
SUCCESS
Looking for real...found it: 7.579
[Success matching performance keys for studies/shootout/submitted/spectralnorm]
[Executing ./PREEXEC]
[Executing program $HOMEchapel/util/test/timers/highPrecisionTimer ./spectralnorm --n=40000 < /dev/null]
[Reporting processes with top 5 highest cpu usages]
USER         PID %CPU COMMAND
ubuntu    234638 16.5 python3 $HOMEchapel/util/test/sub_test.py $HOMEchapel/bin/linux64-riscv64/chpl
root         204  7.1 [irq/79-fusb303b_interrupt_int_n]
root      250806  0.2 [kworker/u16:4-events_unbound]
root      248567  0.2 [kworker/u16:0-flush-179:0]
root       80201  0.1 /usr/bin/es-bmcd
[Elapsed execution time for "studies/shootout/submitted/spectralnorm (execopts: 2)" - 402.624 seconds]
[Executing $HOMEchapel/util/test/computePerfStats spectralnorm-submitted-40000 $HOMEchapel/test/perfdat/clbg_comparison spectralnorm.perfkeys spectralnorm.0-2.exec.out.tmp False 07/28/26]
Using set date 07/28/26
Checking for /1.274224153/ on line -4...
SUCCESS
Looking for real...found it: 402.4
[Success matching performance keys for studies/shootout/submitted/spectralnorm]
[Executing program $HOMEchapel/util/test/timers/highPrecisionTimer ./spectralnorm --n=40000 < /dev/null]
[Reporting processes with top 5 highest cpu usages]
USER         PID %CPU COMMAND
ubuntu    234638 16.0 python3 $HOMEchapel/util/test/sub_test.py $HOMEchapel/bin/linux64-riscv64/chpl
root         204  7.1 [irq/79-fusb303b_interrupt_int_n]
ubuntu    252744  200 ps ax -o user,pid,pcpu,command
root      250806  0.1 [kworker/u16:4-events_unbound]
root       80201  0.1 /usr/bin/es-bmcd
[Elapsed execution time for "studies/shootout/submitted/spectralnorm (execopts: 2)" - 402.866 seconds]
[Executing $HOMEchapel/util/test/computePerfStats spectralnorm-submitted-40000 $HOMEchapel/test/perfdat/clbg_comparison spectralnorm.perfkeys spectralnorm.0-2.exec.out.tmp False 07/28/26]
Using set date 07/28/26
Checking for /1.274224153/ on line -4...
SUCCESS
Looking for real...found it: 402.7
[Success matching performance keys for studies/shootout/submitted/spectralnorm]
[Executing program $HOMEchapel/util/test/timers/highPrecisionTimer ./spectralnorm --n=40000 < /dev/null]
[Reporting processes with top 5 highest cpu usages]
USER         PID %CPU COMMAND
ubuntu    234638 15.5 python3 $HOMEchapel/util/test/sub_test.py $HOMEchapel/bin/linux64-riscv64/chpl
root         204  7.1 [irq/79-fusb303b_interrupt_int_n]
ubuntu    253097  200 ps ax -o user,pid,pcpu,command
root      250806  0.1 [kworker/u16:4-kvfree_rcu_reclaim]
root       80201  0.1 /usr/bin/es-bmcd
[Elapsed execution time for "studies/shootout/submitted/spectralnorm (execopts: 2)" - 402.320 seconds]
[Executing $HOMEchapel/util/test/computePerfStats spectralnorm-submitted-40000 $HOMEchapel/test/perfdat/clbg_comparison spectralnorm.perfkeys spectralnorm.0-2.exec.out.tmp False 07/28/26]
Using set date 07/28/26
Checking for /1.274224153/ on line -4...
SUCCESS
Looking for real...found it: 402.1
[Success matching performance keys for studies/shootout/submitted/spectralnorm]
[Executing program $HOMEchapel/util/test/timers/highPrecisionTimer ./spectralnorm --n=40000 < /dev/null]
[Reporting processes with top 5 highest cpu usages]
USER         PID %CPU COMMAND
ubuntu    234638 15.0 python3 $HOMEchapel/util/test/sub_test.py $HOMEchapel/bin/linux64-riscv64/chpl
root         204  7.1 [irq/79-fusb303b_interrupt_int_n]
root      250806  0.1 [kworker/u16:4-events_unbound]
root       80201  0.1 /usr/bin/es-bmcd
ubuntu    253441  0.0 tail -n +2
[Elapsed execution time for "studies/shootout/submitted/spectralnorm (execopts: 2)" - 402.507 seconds]
[Executing $HOMEchapel/util/test/computePerfStats spectralnorm-submitted-40000 $HOMEchapel/test/perfdat/clbg_comparison spectralnorm.perfkeys spectralnorm.0-2.exec.out.tmp False 07/28/26]
Using set date 07/28/26
Checking for /1.274224153/ on line -4...
SUCCESS
Looking for real...found it: 402.3
[Success matching performance keys for studies/shootout/submitted/spectralnorm]
[Executing program $HOMEchapel/util/test/timers/highPrecisionTimer ./spectralnorm --n=40000 < /dev/null]
[Reporting processes with top 5 highest cpu usages]
USER         PID %CPU COMMAND
ubuntu    234638 14.6 python3 $HOMEchapel/util/test/sub_test.py $HOMEchapel/bin/linux64-riscv64/chpl
root         204  7.1 [irq/79-fusb303b_interrupt_int_n]
root      250806  0.1 [kworker/u16:4-events_unbound]
root       80201  0.1 /usr/bin/es-bmcd
ubuntu    253791  0.0 tail -n +2
[Elapsed execution time for "studies/shootout/submitted/spectralnorm (execopts: 2)" - 402.224 seconds]
[Executing $HOMEchapel/util/test/computePerfStats spectralnorm-submitted-40000 $HOMEchapel/test/perfdat/clbg_comparison spectralnorm.perfkeys spectralnorm.0-2.exec.out.tmp False 07/28/26]
Using set date 07/28/26
Checking for /1.274224153/ on line -4...
SUCCESS
Looking for real...found it: 402.0
[Success matching performance keys for studies/shootout/submitted/spectralnorm]
[Executing program $HOMEchapel/util/test/timers/highPrecisionTimer ./spectralnorm --n=40000 < /dev/null]
[Reporting processes with top 5 highest cpu usages]
USER         PID %CPU COMMAND
ubuntu    234638 14.2 python3 $HOMEchapel/util/test/sub_test.py $HOMEchapel/bin/linux64-riscv64/chpl
root         204  7.1 [irq/79-fusb303b_interrupt_int_n]
ubuntu    254135  200 ps ax -o user,pid,pcpu,command
root       80201  0.1 /usr/bin/es-bmcd
ubuntu    254136  0.0 tail -n +2
[Elapsed execution time for "studies/shootout/submitted/spectralnorm (execopts: 2)" - 402.500 seconds]
[Executing $HOMEchapel/util/test/computePerfStats spectralnorm-submitted-40000 $HOMEchapel/test/perfdat/clbg_comparison spectralnorm.perfkeys spectralnorm.0-2.exec.out.tmp False 07/28/26]
Using set date 07/28/26
Checking for /1.274224153/ on line -4...
SUCCESS
Looking for real...found it: 402.3
[Success matching performance keys for studies/shootout/submitted/spectralnorm]
[Executing program $HOMEchapel/util/test/timers/highPrecisionTimer ./spectralnorm --n=40000 < /dev/null]
[Reporting processes with top 5 highest cpu usages]
USER         PID %CPU COMMAND
ubuntu    234638 13.8 python3 $HOMEchapel/util/test/sub_test.py $HOMEchapel/bin/linux64-riscv64/chpl
root         204  7.1 [irq/79-fusb303b_interrupt_int_n]
ubuntu    254479  200 ps ax -o user,pid,pcpu,command
root       80201  0.1 /usr/bin/es-bmcd
ubuntu    254480  0.0 tail -n +2
[Elapsed execution time for "studies/shootout/submitted/spectralnorm (execopts: 2)" - 402.395 seconds]
[Executing $HOMEchapel/util/test/computePerfStats spectralnorm-submitted-40000 $HOMEchapel/test/perfdat/clbg_comparison spectralnorm.perfkeys spectralnorm.0-2.exec.out.tmp False 07/28/26]
Using set date 07/28/26
Checking for /1.274224153/ on line -4...
SUCCESS
Looking for real...found it: 402.2
[Success matching performance keys for studies/shootout/submitted/spectralnorm]
[Executing program $HOMEchapel/util/test/timers/highPrecisionTimer ./spectralnorm --n=40000 < /dev/null]
[Reporting processes with top 5 highest cpu usages]
USER         PID %CPU COMMAND
ubuntu    234638 13.5 python3 $HOMEchapel/util/test/sub_test.py $HOMEchapel/bin/linux64-riscv64/chpl
root         204  7.1 [irq/79-fusb303b_interrupt_int_n]
ubuntu    254833  200 ps ax -o user,pid,pcpu,command
root       80201  0.1 /usr/bin/es-bmcd
ubuntu    254834  0.0 tail -n +2
[Elapsed execution time for "studies/shootout/submitted/spectralnorm (execopts: 2)" - 402.479 seconds]
[Executing $HOMEchapel/util/test/computePerfStats spectralnorm-submitted-40000 $HOMEchapel/test/perfdat/clbg_comparison spectralnorm.perfkeys spectralnorm.0-2.exec.out.tmp False 07/28/26]
Using set date 07/28/26
Checking for /1.274224153/ on line -4...
SUCCESS
Looking for real...found it: 402.3
[Success matching performance keys for studies/shootout/submitted/spectralnorm]
[Executing program $HOMEchapel/util/test/timers/highPrecisionTimer ./spectralnorm --n=40000 < /dev/null]
[Reporting processes with top 5 highest cpu usages]
USER         PID %CPU COMMAND
ubuntu    234638 13.1 python3 $HOMEchapel/util/test/sub_test.py $HOMEchapel/bin/linux64-riscv64/chpl
root         204  7.1 [irq/79-fusb303b_interrupt_int_n]
root       80201  0.1 /usr/bin/es-bmcd
ubuntu    255177  0.0 tail -n +2
ubuntu    119442  0.0 sshd: ubuntu@pts/1
[Elapsed execution time for "studies/shootout/submitted/spectralnorm (execopts: 2)" - 402.526 seconds]
[Executing $HOMEchapel/util/test/computePerfStats spectralnorm-submitted-40000 $HOMEchapel/test/perfdat/clbg_comparison spectralnorm.perfkeys spectralnorm.0-2.exec.out.tmp False 07/28/26]
Using set date 07/28/26
Checking for /1.274224153/ on line -4...
SUCCESS
Looking for real...found it: 402.3
[Success matching performance keys for studies/shootout/submitted/spectralnorm]
[Executing program $HOMEchapel/util/test/timers/highPrecisionTimer ./spectralnorm --n=40000 < /dev/null]
[Reporting processes with top 5 highest cpu usages]
USER         PID %CPU COMMAND
ubuntu    234638 12.8 python3 $HOMEchapel/util/test/sub_test.py $HOMEchapel/bin/linux64-riscv64/chpl
root         204  7.0 [irq/79-fusb303b_interrupt_int_n]
root       80201  0.1 /usr/bin/es-bmcd
ubuntu    255529  0.0 tail -n +2
ubuntu    119442  0.0 sshd: ubuntu@pts/1
[Elapsed execution time for "studies/shootout/submitted/spectralnorm (execopts: 2)" - 402.369 seconds]
[Executing $HOMEchapel/util/test/computePerfStats spectralnorm-submitted-40000 $HOMEchapel/test/perfdat/clbg_comparison spectralnorm.perfkeys spectralnorm.0-2.exec.out.tmp False 07/28/26]
Using set date 07/28/26
Checking for /1.274224153/ on line -4...
SUCCESS
Looking for real...found it: 402.2
[Success matching performance keys for studies/shootout/submitted/spectralnorm]
[Elapsed time to compile and execute all versions of "studies/shootout/submitted/spectralnorm" - 4144.187 seconds]
[test: studies/shootout/submitted/spectralnorm2.chpl]
[Executing compiler $HOMEchapel/bin/linux64-riscv64/chpl --fast --cc-warnings spectralnorm2.chpl < /dev/null]
[Elapsed compilation time for "studies/shootout/submitted/spectralnorm2" - 38.400 seconds]
[Success compiling studies/shootout/submitted/spectralnorm2]
[Executing ./PREEXEC]
[Executing program $HOMEchapel/util/test/timers/highPrecisionTimer ./spectralnorm2 --n=5500 < /dev/null]
[Reporting processes with top 5 highest cpu usages]
USER         PID %CPU COMMAND
ubuntu    234638 12.8 python3 $HOMEchapel/util/test/sub_test.py $HOMEchapel/bin/linux64-riscv64/chpl
root         204  7.0 [irq/79-fusb303b_interrupt_int_n]
root       80201  0.1 /usr/bin/es-bmcd
ubuntu    255775  0.0 tail -n +2
ubuntu    119442  0.0 sshd: ubuntu@pts/1
[Elapsed execution time for "studies/shootout/submitted/spectralnorm2 (execopts: 1)" - 7.817 seconds]
[Executing $HOMEchapel/util/test/computePerfStats spectralnorm2 $HOMEchapel/test/perfdat/clbg_comparison spectralnorm2.perfkeys spectralnorm2.0-1.exec.out.tmp False 07/28/26]
Using set date 07/28/26
Checking for /1.274224153/ on line -4...
SUCCESS
Looking for real...found it: 7.603
[Success matching performance keys for studies/shootout/submitted/spectralnorm2]
[Executing program $HOMEchapel/util/test/timers/highPrecisionTimer ./spectralnorm2 --n=5500 < /dev/null]
[Reporting processes with top 5 highest cpu usages]
USER         PID %CPU COMMAND
ubuntu    234638 12.8 python3 $HOMEchapel/util/test/sub_test.py $HOMEchapel/bin/linux64-riscv64/chpl
root         204  7.0 [irq/79-fusb303b_interrupt_int_n]
root       80201  0.1 /usr/bin/es-bmcd
ubuntu    255795  0.0 tail -n +2
ubuntu    119442  0.0 sshd: ubuntu@pts/1
[Elapsed execution time for "studies/shootout/submitted/spectralnorm2 (execopts: 1)" - 7.805 seconds]
[Executing $HOMEchapel/util/test/computePerfStats spectralnorm2 $HOMEchapel/test/perfdat/clbg_comparison spectralnorm2.perfkeys spectralnorm2.0-1.exec.out.tmp False 07/28/26]
Using set date 07/28/26
Checking for /1.274224153/ on line -4...
SUCCESS
Looking for real...found it: 7.598
[Success matching performance keys for studies/shootout/submitted/spectralnorm2]
[Executing program $HOMEchapel/util/test/timers/highPrecisionTimer ./spectralnorm2 --n=5500 < /dev/null]
[Reporting processes with top 5 highest cpu usages]
USER         PID %CPU COMMAND
ubuntu    234638 12.7 python3 $HOMEchapel/util/test/sub_test.py $HOMEchapel/bin/linux64-riscv64/chpl
root         204  7.0 [irq/79-fusb303b_interrupt_int_n]
root       80201  0.1 /usr/bin/es-bmcd
ubuntu    255819  0.0 tail -n +2
ubuntu    119442  0.0 sshd: ubuntu@pts/1
[Elapsed execution time for "studies/shootout/submitted/spectralnorm2 (execopts: 1)" - 7.817 seconds]
[Executing $HOMEchapel/util/test/computePerfStats spectralnorm2 $HOMEchapel/test/perfdat/clbg_comparison spectralnorm2.perfkeys spectralnorm2.0-1.exec.out.tmp False 07/28/26]
Using set date 07/28/26
Checking for /1.274224153/ on line -4...
SUCCESS
Looking for real...found it: 7.614
[Success matching performance keys for studies/shootout/submitted/spectralnorm2]
[Executing program $HOMEchapel/util/test/timers/highPrecisionTimer ./spectralnorm2 --n=5500 < /dev/null]
[Reporting processes with top 5 highest cpu usages]
USER         PID %CPU COMMAND
ubuntu    234638 12.7 python3 $HOMEchapel/util/test/sub_test.py $HOMEchapel/bin/linux64-riscv64/chpl
root         204  7.0 [irq/79-fusb303b_interrupt_int_n]
ubuntu    255838  200 ps ax -o user,pid,pcpu,command
root       80201  0.1 /usr/bin/es-bmcd
ubuntu    255839  0.0 tail -n +2
[Elapsed execution time for "studies/shootout/submitted/spectralnorm2 (execopts: 1)" - 7.800 seconds]
[Executing $HOMEchapel/util/test/computePerfStats spectralnorm2 $HOMEchapel/test/perfdat/clbg_comparison spectralnorm2.perfkeys spectralnorm2.0-1.exec.out.tmp False 07/28/26]
Using set date 07/28/26
Checking for /1.274224153/ on line -4...
SUCCESS
Looking for real...found it: 7.588
[Success matching performance keys for studies/shootout/submitted/spectralnorm2]
[Executing program $HOMEchapel/util/test/timers/highPrecisionTimer ./spectralnorm2 --n=5500 < /dev/null]
[Reporting processes with top 5 highest cpu usages]
USER         PID %CPU COMMAND
ubuntu    234638 12.7 python3 $HOMEchapel/util/test/sub_test.py $HOMEchapel/bin/linux64-riscv64/chpl
root         204  7.0 [irq/79-fusb303b_interrupt_int_n]
root       80201  0.1 /usr/bin/es-bmcd
ubuntu    255863  0.0 tail -n +2
ubuntu    119442  0.0 sshd: ubuntu@pts/1
[Elapsed execution time for "studies/shootout/submitted/spectralnorm2 (execopts: 1)" - 7.805 seconds]
[Executing $HOMEchapel/util/test/computePerfStats spectralnorm2 $HOMEchapel/test/perfdat/clbg_comparison spectralnorm2.perfkeys spectralnorm2.0-1.exec.out.tmp False 07/28/26]
Using set date 07/28/26
Checking for /1.274224153/ on line -4...
SUCCESS
Looking for real...found it: 7.596
[Success matching performance keys for studies/shootout/submitted/spectralnorm2]
[Executing program $HOMEchapel/util/test/timers/highPrecisionTimer ./spectralnorm2 --n=5500 < /dev/null]
[Reporting processes with top 5 highest cpu usages]
USER         PID %CPU COMMAND
ubuntu    234638 12.7 python3 $HOMEchapel/util/test/sub_test.py $HOMEchapel/bin/linux64-riscv64/chpl
root         204  7.0 [irq/79-fusb303b_interrupt_int_n]
ubuntu    255886  200 ps ax -o user,pid,pcpu,command
root       80201  0.1 /usr/bin/es-bmcd
ubuntu    255887  0.0 tail -n +2
[Elapsed execution time for "studies/shootout/submitted/spectralnorm2 (execopts: 1)" - 7.835 seconds]
[Executing $HOMEchapel/util/test/computePerfStats spectralnorm2 $HOMEchapel/test/perfdat/clbg_comparison spectralnorm2.perfkeys spectralnorm2.0-1.exec.out.tmp False 07/28/26]
Using set date 07/28/26
Checking for /1.274224153/ on line -4...
SUCCESS
Looking for real...found it: 7.63
[Success matching performance keys for studies/shootout/submitted/spectralnorm2]
[Executing program $HOMEchapel/util/test/timers/highPrecisionTimer ./spectralnorm2 --n=5500 < /dev/null]
[Reporting processes with top 5 highest cpu usages]
USER         PID %CPU COMMAND
ubuntu    234638 12.7 python3 $HOMEchapel/util/test/sub_test.py $HOMEchapel/bin/linux64-riscv64/chpl
root         204  7.0 [irq/79-fusb303b_interrupt_int_n]
root       80201  0.1 /usr/bin/es-bmcd
ubuntu    255911  0.0 tail -n +2
ubuntu    119442  0.0 sshd: ubuntu@pts/1
[Elapsed execution time for "studies/shootout/submitted/spectralnorm2 (execopts: 1)" - 7.807 seconds]
[Executing $HOMEchapel/util/test/computePerfStats spectralnorm2 $HOMEchapel/test/perfdat/clbg_comparison spectralnorm2.perfkeys spectralnorm2.0-1.exec.out.tmp False 07/28/26]
Using set date 07/28/26
Checking for /1.274224153/ on line -4...
SUCCESS
Looking for real...found it: 7.603
[Success matching performance keys for studies/shootout/submitted/spectralnorm2]
[Executing program $HOMEchapel/util/test/timers/highPrecisionTimer ./spectralnorm2 --n=5500 < /dev/null]
[Reporting processes with top 5 highest cpu usages]
USER         PID %CPU COMMAND
ubuntu    234638 12.7 python3 $HOMEchapel/util/test/sub_test.py $HOMEchapel/bin/linux64-riscv64/chpl
root         204  7.0 [irq/79-fusb303b_interrupt_int_n]
ubuntu    255936  200 ps ax -o user,pid,pcpu,command
root       80201  0.1 /usr/bin/es-bmcd
ubuntu    255937  0.0 tail -n +2
[Elapsed execution time for "studies/shootout/submitted/spectralnorm2 (execopts: 1)" - 7.805 seconds]
[Executing $HOMEchapel/util/test/computePerfStats spectralnorm2 $HOMEchapel/test/perfdat/clbg_comparison spectralnorm2.perfkeys spectralnorm2.0-1.exec.out.tmp False 07/28/26]
Using set date 07/28/26
Checking for /1.274224153/ on line -4...
SUCCESS
Looking for real...found it: 7.598
[Success matching performance keys for studies/shootout/submitted/spectralnorm2]
[Executing program $HOMEchapel/util/test/timers/highPrecisionTimer ./spectralnorm2 --n=5500 < /dev/null]
[Reporting processes with top 5 highest cpu usages]
USER         PID %CPU COMMAND
ubuntu    234638 12.7 python3 $HOMEchapel/util/test/sub_test.py $HOMEchapel/bin/linux64-riscv64/chpl
root         204  7.0 [irq/79-fusb303b_interrupt_int_n]
root       80201  0.1 /usr/bin/es-bmcd
ubuntu    255957  0.0 tail -n +2
ubuntu    119442  0.0 sshd: ubuntu@pts/1
[Elapsed execution time for "studies/shootout/submitted/spectralnorm2 (execopts: 1)" - 7.809 seconds]
[Executing $HOMEchapel/util/test/computePerfStats spectralnorm2 $HOMEchapel/test/perfdat/clbg_comparison spectralnorm2.perfkeys spectralnorm2.0-1.exec.out.tmp False 07/28/26]
Using set date 07/28/26
Checking for /1.274224153/ on line -4...
SUCCESS
Looking for real...found it: 7.6
[Success matching performance keys for studies/shootout/submitted/spectralnorm2]
[Executing program $HOMEchapel/util/test/timers/highPrecisionTimer ./spectralnorm2 --n=5500 < /dev/null]
[Reporting processes with top 5 highest cpu usages]
USER         PID %CPU COMMAND
ubuntu    234638 12.7 python3 $HOMEchapel/util/test/sub_test.py $HOMEchapel/bin/linux64-riscv64/chpl
root         204  7.0 [irq/79-fusb303b_interrupt_int_n]
ubuntu    255981  200 ps ax -o user,pid,pcpu,command
root       80201  0.1 /usr/bin/es-bmcd
ubuntu    255982  0.0 tail -n +2
[Elapsed execution time for "studies/shootout/submitted/spectralnorm2 (execopts: 1)" - 7.801 seconds]
[Executing $HOMEchapel/util/test/computePerfStats spectralnorm2 $HOMEchapel/test/perfdat/clbg_comparison spectralnorm2.perfkeys spectralnorm2.0-1.exec.out.tmp False 07/28/26]
Using set date 07/28/26
Checking for /1.274224153/ on line -4...
SUCCESS
Looking for real...found it: 7.595
[Success matching performance keys for studies/shootout/submitted/spectralnorm2]
[Executing ./PREEXEC]
[Executing program $HOMEchapel/util/test/timers/highPrecisionTimer ./spectralnorm2 --n=40000 < /dev/null]
[Reporting processes with top 5 highest cpu usages]
USER         PID %CPU COMMAND
ubuntu    234638 12.4 python3 $HOMEchapel/util/test/sub_test.py $HOMEchapel/bin/linux64-riscv64/chpl
root         204  7.0 [irq/79-fusb303b_interrupt_int_n]
ubuntu    256325  200 ps ax -o user,pid,pcpu,command
root       80201  0.1 /usr/bin/es-bmcd
ubuntu    256326  0.0 tail -n +2
[Elapsed execution time for "studies/shootout/submitted/spectralnorm2 (execopts: 2)" - 402.794 seconds]
[Executing $HOMEchapel/util/test/computePerfStats spectralnorm2-40000 $HOMEchapel/test/perfdat/clbg_comparison spectralnorm2.perfkeys spectralnorm2.0-2.exec.out.tmp False 07/28/26]
Using set date 07/28/26
Checking for /1.274224153/ on line -4...
SUCCESS
Looking for real...found it: 402.6
[Success matching performance keys for studies/shootout/submitted/spectralnorm2]
[Executing program $HOMEchapel/util/test/timers/highPrecisionTimer ./spectralnorm2 --n=40000 < /dev/null]
[Reporting processes with top 5 highest cpu usages]
USER         PID %CPU COMMAND
ubuntu    234638 12.1 python3 $HOMEchapel/util/test/sub_test.py $HOMEchapel/bin/linux64-riscv64/chpl
root         204  7.0 [irq/79-fusb303b_interrupt_int_n]
root       80201  0.1 /usr/bin/es-bmcd
ubuntu    256671  0.0 tail -n +2
ubuntu    119442  0.0 sshd: ubuntu@pts/1
[Elapsed execution time for "studies/shootout/submitted/spectralnorm2 (execopts: 2)" - 402.886 seconds]
[Executing $HOMEchapel/util/test/computePerfStats spectralnorm2-40000 $HOMEchapel/test/perfdat/clbg_comparison spectralnorm2.perfkeys spectralnorm2.0-2.exec.out.tmp False 07/28/26]
Using set date 07/28/26
Checking for /1.274224153/ on line -4...
SUCCESS
Looking for real...found it: 402.7
[Success matching performance keys for studies/shootout/submitted/spectralnorm2]
[Executing program $HOMEchapel/util/test/timers/highPrecisionTimer ./spectralnorm2 --n=40000 < /dev/null]
[Reporting processes with top 5 highest cpu usages]
USER         PID %CPU COMMAND
ubuntu    234638 11.8 python3 $HOMEchapel/util/test/sub_test.py $HOMEchapel/bin/linux64-riscv64/chpl
root         204  7.0 [irq/79-fusb303b_interrupt_int_n]
root       80201  0.1 /usr/bin/es-bmcd
ubuntu    257022  0.0 tail -n +2
ubuntu    119442  0.0 sshd: ubuntu@pts/1
[Elapsed execution time for "studies/shootout/submitted/spectralnorm2 (execopts: 2)" - 402.766 seconds]
[Executing $HOMEchapel/util/test/computePerfStats spectralnorm2-40000 $HOMEchapel/test/perfdat/clbg_comparison spectralnorm2.perfkeys spectralnorm2.0-2.exec.out.tmp False 07/28/26]
Using set date 07/28/26
Checking for /1.274224153/ on line -4...
SUCCESS
Looking for real...found it: 402.6
[Success matching performance keys for studies/shootout/submitted/spectralnorm2]
[Executing program $HOMEchapel/util/test/timers/highPrecisionTimer ./spectralnorm2 --n=40000 < /dev/null]
[Reporting processes with top 5 highest cpu usages]
USER         PID %CPU COMMAND
ubuntu    234638 11.6 python3 $HOMEchapel/util/test/sub_test.py $HOMEchapel/bin/linux64-riscv64/chpl
root         204  7.0 [irq/79-fusb303b_interrupt_int_n]
ubuntu    257368  200 ps ax -o user,pid,pcpu,command
root       80201  0.1 /usr/bin/es-bmcd
ubuntu    257369  0.0 tail -n +2
[Elapsed execution time for "studies/shootout/submitted/spectralnorm2 (execopts: 2)" - 402.692 seconds]
[Executing $HOMEchapel/util/test/computePerfStats spectralnorm2-40000 $HOMEchapel/test/perfdat/clbg_comparison spectralnorm2.perfkeys spectralnorm2.0-2.exec.out.tmp False 07/28/26]
Using set date 07/28/26
Checking for /1.274224153/ on line -4...
SUCCESS
Looking for real...found it: 402.5
[Success matching performance keys for studies/shootout/submitted/spectralnorm2]
[Executing program $HOMEchapel/util/test/timers/highPrecisionTimer ./spectralnorm2 --n=40000 < /dev/null]
[Reporting processes with top 5 highest cpu usages]
USER         PID %CPU COMMAND
ubuntu    234638 11.3 python3 $HOMEchapel/util/test/sub_test.py $HOMEchapel/bin/linux64-riscv64/chpl
root         204  7.0 [irq/79-fusb303b_interrupt_int_n]
ubuntu    257717  200 ps ax -o user,pid,pcpu,command
root       80201  0.1 /usr/bin/es-bmcd
ubuntu    257718  0.0 tail -n +2
[Elapsed execution time for "studies/shootout/submitted/spectralnorm2 (execopts: 2)" - 402.524 seconds]
[Executing $HOMEchapel/util/test/computePerfStats spectralnorm2-40000 $HOMEchapel/test/perfdat/clbg_comparison spectralnorm2.perfkeys spectralnorm2.0-2.exec.out.tmp False 07/28/26]
Using set date 07/28/26
Checking for /1.274224153/ on line -4...
SUCCESS
Looking for real...found it: 402.3
[Success matching performance keys for studies/shootout/submitted/spectralnorm2]
[Executing program $HOMEchapel/util/test/timers/highPrecisionTimer ./spectralnorm2 --n=40000 < /dev/null]
[Reporting processes with top 5 highest cpu usages]
USER         PID %CPU COMMAND
ubuntu    234638 11.1 python3 $HOMEchapel/util/test/sub_test.py $HOMEchapel/bin/linux64-riscv64/chpl
root         204  7.0 [irq/79-fusb303b_interrupt_int_n]
ubuntu    258066  200 ps ax -o user,pid,pcpu,command
root       80201  0.1 /usr/bin/es-bmcd
ubuntu    258067  0.0 tail -n +2
[Elapsed execution time for "studies/shootout/submitted/spectralnorm2 (execopts: 2)" - 402.760 seconds]
[Executing $HOMEchapel/util/test/computePerfStats spectralnorm2-40000 $HOMEchapel/test/perfdat/clbg_comparison spectralnorm2.perfkeys spectralnorm2.0-2.exec.out.tmp False 07/28/26]
Using set date 07/28/26
Checking for /1.274224153/ on line -4...
SUCCESS
Looking for real...found it: 402.6
[Success matching performance keys for studies/shootout/submitted/spectralnorm2]
[Executing program $HOMEchapel/util/test/timers/highPrecisionTimer ./spectralnorm2 --n=40000 < /dev/null]
[Reporting processes with top 5 highest cpu usages]
USER         PID %CPU COMMAND
ubuntu    234638 10.8 python3 $HOMEchapel/util/test/sub_test.py $HOMEchapel/bin/linux64-riscv64/chpl
root         204  7.0 [irq/79-fusb303b_interrupt_int_n]
ubuntu    258412  200 ps ax -o user,pid,pcpu,command
root       80201  0.1 /usr/bin/es-bmcd
ubuntu    258413  0.0 tail -n +2
[Elapsed execution time for "studies/shootout/submitted/spectralnorm2 (execopts: 2)" - 402.682 seconds]
[Executing $HOMEchapel/util/test/computePerfStats spectralnorm2-40000 $HOMEchapel/test/perfdat/clbg_comparison spectralnorm2.perfkeys spectralnorm2.0-2.exec.out.tmp False 07/28/26]
Using set date 07/28/26
Checking for /1.274224153/ on line -4...
SUCCESS
Looking for real...found it: 402.5
[Success matching performance keys for studies/shootout/submitted/spectralnorm2]
[Executing program $HOMEchapel/util/test/timers/highPrecisionTimer ./spectralnorm2 --n=40000 < /dev/null]
[Reporting processes with top 5 highest cpu usages]
USER         PID %CPU COMMAND
ubuntu    234638 10.6 python3 $HOMEchapel/util/test/sub_test.py $HOMEchapel/bin/linux64-riscv64/chpl
root         204  7.0 [irq/79-fusb303b_interrupt_int_n]
ubuntu    258756  200 ps ax -o user,pid,pcpu,command
root       80201  0.1 /usr/bin/es-bmcd
ubuntu    258757  0.0 tail -n +2
[Elapsed execution time for "studies/shootout/submitted/spectralnorm2 (execopts: 2)" - 402.878 seconds]
[Executing $HOMEchapel/util/test/computePerfStats spectralnorm2-40000 $HOMEchapel/test/perfdat/clbg_comparison spectralnorm2.perfkeys spectralnorm2.0-2.exec.out.tmp False 07/28/26]
Using set date 07/28/26
Checking for /1.274224153/ on line -4...
SUCCESS
Looking for real...found it: 402.7
[Success matching performance keys for studies/shootout/submitted/spectralnorm2]
[Executing program $HOMEchapel/util/test/timers/highPrecisionTimer ./spectralnorm2 --n=40000 < /dev/null]
[Reporting processes with top 5 highest cpu usages]
USER         PID %CPU COMMAND
ubuntu    234638 10.4 python3 $HOMEchapel/util/test/sub_test.py $HOMEchapel/bin/linux64-riscv64/chpl
root         204  7.0 [irq/79-fusb303b_interrupt_int_n]
root       80201  0.1 /usr/bin/es-bmcd
ubuntu    259107  0.0 tail -n +2
ubuntu    119442  0.0 sshd: ubuntu@pts/1
[Elapsed execution time for "studies/shootout/submitted/spectralnorm2 (execopts: 2)" - 402.656 seconds]
[Executing $HOMEchapel/util/test/computePerfStats spectralnorm2-40000 $HOMEchapel/test/perfdat/clbg_comparison spectralnorm2.perfkeys spectralnorm2.0-2.exec.out.tmp False 07/28/26]
Using set date 07/28/26
Checking for /1.274224153/ on line -4...
SUCCESS
Looking for real...found it: 402.4
[Success matching performance keys for studies/shootout/submitted/spectralnorm2]
[Executing program $HOMEchapel/util/test/timers/highPrecisionTimer ./spectralnorm2 --n=40000 < /dev/null]
[Reporting processes with top 5 highest cpu usages]
USER         PID %CPU COMMAND
ubuntu    234638 10.2 python3 $HOMEchapel/util/test/sub_test.py $HOMEchapel/bin/linux64-riscv64/chpl
root         204  7.0 [irq/79-fusb303b_interrupt_int_n]
root       80201  0.1 /usr/bin/es-bmcd
ubuntu    259450  0.0 tail -n +2
ubuntu    119442  0.0 sshd: ubuntu@pts/1
[Elapsed execution time for "studies/shootout/submitted/spectralnorm2 (execopts: 2)" - 403.043 seconds]
[Executing $HOMEchapel/util/test/computePerfStats spectralnorm2-40000 $HOMEchapel/test/perfdat/clbg_comparison spectralnorm2.perfkeys spectralnorm2.0-2.exec.out.tmp False 07/28/26]
Using set date 07/28/26
Checking for /1.274224153/ on line -4...
SUCCESS
Looking for real...found it: 402.8
[Success matching performance keys for studies/shootout/submitted/spectralnorm2]
[Elapsed time to compile and execute all versions of "studies/shootout/submitted/spectralnorm2" - 4147.351 seconds]
[Finished subtest "studies/shootout/submitted" - 20392.469 seconds]


[Working on directory $HOMEchapel/test/studies/shootout/submitted/archive]

[Working on directory $HOMEchapel/test/studies/shootout/submitted/site-2024-03-22]
[Working from directory $HOMEchapel/test/studies/shootout/submitted]

[Working on directory $HOMEchapel/test/studies/shootout/submitted]

[Working on directory $HOMEchapel/test/studies/shootout/submitted/archive]

[Working on directory $HOMEchapel/test/studies/shootout/submitted/site-2024-03-22]
[Executing genGraphs for $HOMEchapel/test/GRAPHFILES in $HOMEchapel/test/perfdat/clbg_comparison/html]
Running genGraphs with $HOMEchapel/util/test/genGraphs.py  -p $HOMEchapel/test/perfdat/clbg_comparison -o $HOMEchapel/test/perfdat/clbg_comparison/html -t $HOMEchapel/test -n ubuntu   -r avg -g $HOMEchapel/test/GRAPHFILES
WARNING: Invalid graph file key file in $HOMEchapel/test/patterns/primality/prime.graph
WARNING: Invalid graph file key file in $HOMEchapel/test/io/vass/time-write.graph
Read 212 graph files in 37 suites
Created SUCCESS file
[Success generating graphs from $HOMEchapel/test/GRAPHFILES in $HOMEchapel/test/perfdat/clbg_comparison/html]
[Done with tests - 260728.215757]
[Log file: $HOMEchapel/test/Logs/ubuntu.linux64.log ]

[Test Summary - 260728.215757]
[Summary: #Successes = 260 | #Failures = 0 | #Futures = 0 | #Warnings = 0 ]
[Summary: #Passing Suppressions = 0 | #Passing Futures = 0 ]
[END]


[Removing log file with duplicate name $HOMEchapel/test/Logs/ubuntu.linux64.log]
[Starting Chapel regression tests - 260728.215759]
[git branch: 'HEAD' (ef6f51e0435)]
[starting directory: "$HOMEchapel"]
[Logs directory: "$HOMEchapel/test/Logs"]
[log_file: "$HOMEchapel/test/Logs/ubuntu.linux64.log"]
[CHPL_HOME: $HOMEchapel]
[host platform: linux64]
[target platform: linux64]
[valgrind: OFF]
[performance tests: ON]
[compiler performance tests: OFF]
[number of trials: 10]
[performance graph generation: ON]
[performance graph ranges: ON]
[performance graph data reduction: avg]
[compiler: "$HOMEchapel/bin/linux64-riscv64/chpl"]
[compopts: "--fast --cc-warnings"]
[execopts: ""]
[launchcmd: ""]
[comm: "none"]
[networkAtomics: "none"]
[localeModel: "flat"]
[numlocales: "(default)"]
[max_locales: "(default)"]
[Saving current git sha to $HOMEchapel/test/perfdat/clbg_comparison/perfSha.dat]
Using default date 07/28/26
Looking for sha...found it: ef6f51e04354ff39c8fe07f87e708454057104d0
[tests: "$HOMEchapel/test/release/examples/benchmarks/shootout/chameneosredux.chpl"]
[directories: ""]
[Checking for duplicate performance data filenames]
[Checking for duplicate .graph files and that all .graph files appear in $HOMEchapel/test/*GRAPHFILES]

### Chapel Environment ###
machine info: Linux ubuntu 6.12.33-1-premier #6 SMP PREEMPT_DYNAMIC Thu Nov 27 07:15:04 UTC 2025 riscv64
CHPL_HOME: $HOMEchapel *
script location: $HOMEchapel/util/chplenv
CHPL_HOST_PLATFORM: linux64
CHPL_HOST_COMPILER: llvm +
  CHPL_HOST_CC: $HOMEgit/llvm-project-21/opt/bin/clang +
  CHPL_HOST_CXX: $HOMEgit/llvm-project-21/opt/bin/clang++ +
CHPL_HOST_ARCH: riscv64
CHPL_TARGET_PLATFORM: linux64
CHPL_TARGET_COMPILER: llvm
  CHPL_TARGET_CC: $HOMEgit/llvm-project-21/opt/bin/clang +
  CHPL_TARGET_CXX: $HOMEgit/llvm-project-21/opt/bin/clang++ +
  CHPL_TARGET_LD: $HOMEgit/llvm-project-21/opt/bin/clang++
CHPL_TARGET_ARCH: riscv64
CHPL_TARGET_CPU: native +
CHPL_LOCALE_MODEL: flat *
  CHPL_GPU: none
  CHPL_GPU_SDK_VERSION: none
  CHPL_GPU_MEM_STRATEGY: array_on_device
CHPL_COMM: none *
  CHPL_COMM_SUBSTRATE: none
  CHPL_GASNET_SEGMENT: none *
  CHPL_LIBFABRIC: none
  CHPL_COMM_OFI_OOB: none
CHPL_TASKS: qthreads *
CHPL_LAUNCHER: none *
CHPL_TIMERS: generic
CHPL_UNWIND: bundled
CHPL_HOST_MEM: mimalloc +
  CHPL_HOST_JEMALLOC: none
  CHPL_HOST_MIMALLOC: bundled
CHPL_TARGET_MEM: mimalloc +
  CHPL_TARGET_JEMALLOC: none
  CHPL_TARGET_MIMALLOC: bundled
CHPL_ATOMICS: cstdlib
  CHPL_NETWORK_ATOMICS: none *
CHPL_GMP: bundled
CHPL_HWLOC: bundled
  CHPL_HWLOC_PCI: disable
CHPL_RE2: bundled
CHPL_LLVM: system *
  CHPL_LLVM_SUPPORT: system
  CHPL_LLVM_CONFIG: llvm-config
  CHPL_LLVM_VERSION: 21
CHPL_AUX_FILESYS: none
CHPL_LIB_PIC: none
CHPL_SANITIZE: none
CHPL_SANITIZE_EXE: none
##########################

[Cleaning file $HOMEchapel/test/release/examples/benchmarks/shootout/chameneosredux.chpl]
[Starting sub_clean chameneosredux.chpl Tue Jul 28 21:58:00 UTC 2026]
[Starting sub_clean - Tue Jul 28 21:58:00 UTC 2026]
[pwd: $HOMEchapel/test/release/examples/benchmarks/shootout]
Cleaning test: chameneosredux

[Working on file chameneosredux.chpl]
[Starting $HOMEchapel/util/test/sub_test Tue Jul 28 21:58:00 UTC 2026]
[Starting subtest - Tue Jul 28 21:58:02 UTC 2026]
[test: release/examples/benchmarks/shootout/chameneosredux.chpl]
[Executing compiler $HOMEchapel/bin/linux64-riscv64/chpl --fast --cc-warnings chameneosredux.chpl < /dev/null]
[Elapsed compilation time for "release/examples/benchmarks/shootout/chameneosredux" - 39.423 seconds]
[Success compiling release/examples/benchmarks/shootout/chameneosredux]
[Executing ./PREEXEC]
[Executing program $HOMEchapel/util/test/timers/highPrecisionTimer ./chameneosredux --n=6000000 < /dev/null]
[Reporting processes with top 5 highest cpu usages]
USER         PID %CPU COMMAND
root         204  7.0 [irq/79-fusb303b_interrupt_int_n]
ubuntu    259482  1.2 python3 $HOMEchapel/util/test/start_test.py --performance --numtrials 10 test/release/examples/benchmarks/shootout/chameneosredux.chpl
ubuntu    259561  0.3 python3 $HOMEchapel/util/test/sub_test.py $HOMEchapel/bin/linux64-riscv64/chpl
root       80201  0.1 /usr/bin/es-bmcd
ubuntu    259939  0.0 tail -n +2
[Elapsed execution time for "release/examples/benchmarks/shootout/chameneosredux" - 4.980 seconds]
[Executing prediff ./chameneosredux.prediff]
[Executing $HOMEchapel/util/test/computePerfStats chameneosredux $HOMEchapel/test/perfdat/clbg_comparison chameneosredux.perfkeys chameneosredux.exec.out.tmp False 07/28/26]
Using set date 07/28/26
Checking for absence of /^\d+ (?!zero).*$/ on any line...
SUCCESS
Checking for /one two( zero){6}/ on line 15...
SUCCESS
Checking for /one two( zero){6}/ on line 28...
SUCCESS
Looking for real...found it: 4.775
[Success matching performance keys for release/examples/benchmarks/shootout/chameneosredux]
[Executing program $HOMEchapel/util/test/timers/highPrecisionTimer ./chameneosredux --n=6000000 < /dev/null]
[Reporting processes with top 5 highest cpu usages]
USER         PID %CPU COMMAND
root         204  7.0 [irq/79-fusb303b_interrupt_int_n]
ubuntu    259961  200 ps ax -o user,pid,pcpu,command
ubuntu    259482  1.1 python3 $HOMEchapel/util/test/start_test.py --performance --numtrials 10 test/release/examples/benchmarks/shootout/chameneosredux.chpl
ubuntu    259561  0.3 python3 $HOMEchapel/util/test/sub_test.py $HOMEchapel/bin/linux64-riscv64/chpl
root       80201  0.1 /usr/bin/es-bmcd
[Elapsed execution time for "release/examples/benchmarks/shootout/chameneosredux" - 4.768 seconds]
[Executing prediff ./chameneosredux.prediff]
[Executing $HOMEchapel/util/test/computePerfStats chameneosredux $HOMEchapel/test/perfdat/clbg_comparison chameneosredux.perfkeys chameneosredux.exec.out.tmp False 07/28/26]
Using set date 07/28/26
Checking for absence of /^\d+ (?!zero).*$/ on any line...
SUCCESS
Checking for /one two( zero){6}/ on line 15...
SUCCESS
Checking for /one two( zero){6}/ on line 28...
SUCCESS
Looking for real...found it: 4.551
[Success matching performance keys for release/examples/benchmarks/shootout/chameneosredux]
[Executing program $HOMEchapel/util/test/timers/highPrecisionTimer ./chameneosredux --n=6000000 < /dev/null]
[Reporting processes with top 5 highest cpu usages]
USER         PID %CPU COMMAND
root         204  6.9 [irq/79-fusb303b_interrupt_int_n]
root      259969  2.8 [kworker/u16:1-events_unbound]
ubuntu    259482  1.1 python3 $HOMEchapel/util/test/start_test.py --performance --numtrials 10 test/release/examples/benchmarks/shootout/chameneosredux.chpl
ubuntu    259561  0.3 python3 $HOMEchapel/util/test/sub_test.py $HOMEchapel/bin/linux64-riscv64/chpl
root      259064  0.2 [kworker/u16:0-flush-179:0]
[Elapsed execution time for "release/examples/benchmarks/shootout/chameneosredux" - 4.780 seconds]
[Executing prediff ./chameneosredux.prediff]
[Executing $HOMEchapel/util/test/computePerfStats chameneosredux $HOMEchapel/test/perfdat/clbg_comparison chameneosredux.perfkeys chameneosredux.exec.out.tmp False 07/28/26]
Using set date 07/28/26
Checking for absence of /^\d+ (?!zero).*$/ on any line...
SUCCESS
Checking for /one two( zero){6}/ on line 15...
SUCCESS
Checking for /one two( zero){6}/ on line 28...
SUCCESS
Looking for real...found it: 4.562
[Success matching performance keys for release/examples/benchmarks/shootout/chameneosredux]
[Executing program $HOMEchapel/util/test/timers/highPrecisionTimer ./chameneosredux --n=6000000 < /dev/null]
[Reporting processes with top 5 highest cpu usages]
USER         PID %CPU COMMAND
root         204  6.9 [irq/79-fusb303b_interrupt_int_n]
ubuntu    260008  200 ps ax -o user,pid,pcpu,command
root      259969  1.3 [kworker/u16:1-events_unbound]
ubuntu    259482  1.0 python3 $HOMEchapel/util/test/start_test.py --performance --numtrials 10 test/release/examples/benchmarks/shootout/chameneosredux.chpl
ubuntu    259561  0.3 python3 $HOMEchapel/util/test/sub_test.py $HOMEchapel/bin/linux64-riscv64/chpl
[Elapsed execution time for "release/examples/benchmarks/shootout/chameneosredux" - 5.015 seconds]
[Executing prediff ./chameneosredux.prediff]
[Executing $HOMEchapel/util/test/computePerfStats chameneosredux $HOMEchapel/test/perfdat/clbg_comparison chameneosredux.perfkeys chameneosredux.exec.out.tmp False 07/28/26]
Using set date 07/28/26
Checking for absence of /^\d+ (?!zero).*$/ on any line...
SUCCESS
Checking for /one two( zero){6}/ on line 15...
SUCCESS
Checking for /one two( zero){6}/ on line 28...
SUCCESS
Looking for real...found it: 4.806
[Success matching performance keys for release/examples/benchmarks/shootout/chameneosredux]
[Executing program $HOMEchapel/util/test/timers/highPrecisionTimer ./chameneosredux --n=6000000 < /dev/null]
[Reporting processes with top 5 highest cpu usages]
USER         PID %CPU COMMAND
root         204  6.9 [irq/79-fusb303b_interrupt_int_n]
ubuntu    260031  200 ps ax -o user,pid,pcpu,command
ubuntu    259482  1.0 python3 $HOMEchapel/util/test/start_test.py --performance --numtrials 10 test/release/examples/benchmarks/shootout/chameneosredux.chpl
root      259969  0.9 [kworker/u16:1-events_unbound]
ubuntu    259561  0.3 python3 $HOMEchapel/util/test/sub_test.py $HOMEchapel/bin/linux64-riscv64/chpl
[Elapsed execution time for "release/examples/benchmarks/shootout/chameneosredux" - 5.016 seconds]
[Executing prediff ./chameneosredux.prediff]
[Executing $HOMEchapel/util/test/computePerfStats chameneosredux $HOMEchapel/test/perfdat/clbg_comparison chameneosredux.perfkeys chameneosredux.exec.out.tmp False 07/28/26]
Using set date 07/28/26
Checking for absence of /^\d+ (?!zero).*$/ on any line...
SUCCESS
Checking for /one two( zero){6}/ on line 15...
SUCCESS
Checking for /one two( zero){6}/ on line 28...
SUCCESS
Looking for real...found it: 4.804
[Success matching performance keys for release/examples/benchmarks/shootout/chameneosredux]
[Executing program $HOMEchapel/util/test/timers/highPrecisionTimer ./chameneosredux --n=6000000 < /dev/null]
[Reporting processes with top 5 highest cpu usages]
USER         PID %CPU COMMAND
root         204  6.9 [irq/79-fusb303b_interrupt_int_n]
ubuntu    259482  0.9 python3 $HOMEchapel/util/test/start_test.py --performance --numtrials 10 test/release/examples/benchmarks/shootout/chameneosredux.chpl
root      259969  0.8 [kworker/u16:1-ext4-rsv-conversion]
ubuntu    259561  0.3 python3 $HOMEchapel/util/test/sub_test.py $HOMEchapel/bin/linux64-riscv64/chpl
root      259064  0.1 [kworker/u16:0-writeback]
[Elapsed execution time for "release/examples/benchmarks/shootout/chameneosredux" - 4.992 seconds]
[Executing prediff ./chameneosredux.prediff]
[Executing $HOMEchapel/util/test/computePerfStats chameneosredux $HOMEchapel/test/perfdat/clbg_comparison chameneosredux.perfkeys chameneosredux.exec.out.tmp False 07/28/26]
Using set date 07/28/26
Checking for absence of /^\d+ (?!zero).*$/ on any line...
SUCCESS
Checking for /one two( zero){6}/ on line 15...
SUCCESS
Checking for /one two( zero){6}/ on line 28...
SUCCESS
Looking for real...found it: 4.783
[Success matching performance keys for release/examples/benchmarks/shootout/chameneosredux]
[Executing program $HOMEchapel/util/test/timers/highPrecisionTimer ./chameneosredux --n=6000000 < /dev/null]
[Reporting processes with top 5 highest cpu usages]
USER         PID %CPU COMMAND
root         204  6.9 [irq/79-fusb303b_interrupt_int_n]
ubuntu    260082  200 ps ax -o user,pid,pcpu,command
ubuntu    259482  0.9 python3 $HOMEchapel/util/test/start_test.py --performance --numtrials 10 test/release/examples/benchmarks/shootout/chameneosredux.chpl
root      259969  0.9 [kworker/u16:1-events_unbound]
ubuntu    259561  0.3 python3 $HOMEchapel/util/test/sub_test.py $HOMEchapel/bin/linux64-riscv64/chpl
[Elapsed execution time for "release/examples/benchmarks/shootout/chameneosredux" - 4.776 seconds]
[Executing prediff ./chameneosredux.prediff]
[Executing $HOMEchapel/util/test/computePerfStats chameneosredux $HOMEchapel/test/perfdat/clbg_comparison chameneosredux.perfkeys chameneosredux.exec.out.tmp False 07/28/26]
Using set date 07/28/26
Checking for absence of /^\d+ (?!zero).*$/ on any line...
SUCCESS
Checking for /one two( zero){6}/ on line 15...
SUCCESS
Checking for /one two( zero){6}/ on line 28...
SUCCESS
Looking for real...found it: 4.568
[Success matching performance keys for release/examples/benchmarks/shootout/chameneosredux]
[Executing program $HOMEchapel/util/test/timers/highPrecisionTimer ./chameneosredux --n=6000000 < /dev/null]
[Reporting processes with top 5 highest cpu usages]
USER         PID %CPU COMMAND
root         204  6.9 [irq/79-fusb303b_interrupt_int_n]
ubuntu    259482  0.9 python3 $HOMEchapel/util/test/start_test.py --performance --numtrials 10 test/release/examples/benchmarks/shootout/chameneosredux.chpl
root      259969  0.7 [kworker/u16:1-events_unbound]
ubuntu    259561  0.3 python3 $HOMEchapel/util/test/sub_test.py $HOMEchapel/bin/linux64-riscv64/chpl
root      259064  0.1 [kworker/u16:0-writeback]
[Elapsed execution time for "release/examples/benchmarks/shootout/chameneosredux" - 5.022 seconds]
[Executing prediff ./chameneosredux.prediff]
[Executing $HOMEchapel/util/test/computePerfStats chameneosredux $HOMEchapel/test/perfdat/clbg_comparison chameneosredux.perfkeys chameneosredux.exec.out.tmp False 07/28/26]
Using set date 07/28/26
Checking for absence of /^\d+ (?!zero).*$/ on any line...
SUCCESS
Checking for /one two( zero){6}/ on line 15...
SUCCESS
Checking for /one two( zero){6}/ on line 28...
SUCCESS
Looking for real...found it: 4.811
[Success matching performance keys for release/examples/benchmarks/shootout/chameneosredux]
[Executing program $HOMEchapel/util/test/timers/highPrecisionTimer ./chameneosredux --n=6000000 < /dev/null]
[Reporting processes with top 5 highest cpu usages]
USER         PID %CPU COMMAND
root         204  6.9 [irq/79-fusb303b_interrupt_int_n]
ubuntu    259482  0.9 python3 $HOMEchapel/util/test/start_test.py --performance --numtrials 10 test/release/examples/benchmarks/shootout/chameneosredux.chpl
root      259969  0.6 [kworker/u16:1-events_unbound]
ubuntu    259561  0.3 python3 $HOMEchapel/util/test/sub_test.py $HOMEchapel/bin/linux64-riscv64/chpl
root      259064  0.1 [kworker/u16:0-kvfree_rcu_reclaim]
[Elapsed execution time for "release/examples/benchmarks/shootout/chameneosredux" - 5.011 seconds]
[Executing prediff ./chameneosredux.prediff]
[Executing $HOMEchapel/util/test/computePerfStats chameneosredux $HOMEchapel/test/perfdat/clbg_comparison chameneosredux.perfkeys chameneosredux.exec.out.tmp False 07/28/26]
Using set date 07/28/26
Checking for absence of /^\d+ (?!zero).*$/ on any line...
SUCCESS
Checking for /one two( zero){6}/ on line 15...
SUCCESS
Checking for /one two( zero){6}/ on line 28...
SUCCESS
Looking for real...found it: 4.806
[Success matching performance keys for release/examples/benchmarks/shootout/chameneosredux]
[Executing program $HOMEchapel/util/test/timers/highPrecisionTimer ./chameneosredux --n=6000000 < /dev/null]
[Reporting processes with top 5 highest cpu usages]
USER         PID %CPU COMMAND
root         204  6.9 [irq/79-fusb303b_interrupt_int_n]
ubuntu    259482  0.8 python3 $HOMEchapel/util/test/start_test.py --performance --numtrials 10 test/release/examples/benchmarks/shootout/chameneosredux.chpl
root      259969  0.5 [kworker/u16:1-events_unbound]
ubuntu    259561  0.2 python3 $HOMEchapel/util/test/sub_test.py $HOMEchapel/bin/linux64-riscv64/chpl
root      259064  0.1 [kworker/u16:0-events_unbound]
[Elapsed execution time for "release/examples/benchmarks/shootout/chameneosredux" - 5.017 seconds]
[Executing prediff ./chameneosredux.prediff]
[Executing $HOMEchapel/util/test/computePerfStats chameneosredux $HOMEchapel/test/perfdat/clbg_comparison chameneosredux.perfkeys chameneosredux.exec.out.tmp False 07/28/26]
Using set date 07/28/26
Checking for absence of /^\d+ (?!zero).*$/ on any line...
SUCCESS
Checking for /one two( zero){6}/ on line 15...
SUCCESS
Checking for /one two( zero){6}/ on line 28...
SUCCESS
Looking for real...found it: 4.811
[Success matching performance keys for release/examples/benchmarks/shootout/chameneosredux]
[Elapsed time to compile and execute all versions of "release/examples/benchmarks/shootout/chameneosredux" - 152.731 seconds]
[Finished subtest "release/examples/benchmarks/shootout/chameneosredux" - 154.381 seconds]

[Executing genGraphs for $HOMEchapel/test/GRAPHFILES in $HOMEchapel/test/perfdat/clbg_comparison/html]
Running genGraphs with $HOMEchapel/util/test/genGraphs.py  -p $HOMEchapel/test/perfdat/clbg_comparison -o $HOMEchapel/test/perfdat/clbg_comparison/html -t $HOMEchapel/test -n ubuntu   -r avg -g $HOMEchapel/test/GRAPHFILES
WARNING: Invalid graph file key file in $HOMEchapel/test/patterns/primality/prime.graph
WARNING: Invalid graph file key file in $HOMEchapel/test/io/vass/time-write.graph
Read 212 graph files in 37 suites
Created SUCCESS file
[Success generating graphs from $HOMEchapel/test/GRAPHFILES in $HOMEchapel/test/perfdat/clbg_comparison/html]
[Done with tests - 260728.220038]
[Log file: $HOMEchapel/test/Logs/ubuntu.linux64.log ]

[Test Summary - 260728.220038]
[Summary: #Successes = 10 | #Failures = 0 | #Futures = 0 | #Warnings = 0 ]
[Summary: #Passing Suppressions = 0 | #Passing Futures = 0 ]
[END]


[Removing log file with duplicate name $HOMEchapel/test/Logs/ubuntu.linux64.log]
[Starting Chapel regression tests - 260728.220040]
[git branch: 'HEAD' (ef6f51e0435)]
[starting directory: "$HOMEchapel"]
[Logs directory: "$HOMEchapel/test/Logs"]
[log_file: "$HOMEchapel/test/Logs/ubuntu.linux64.log"]
[CHPL_HOME: $HOMEchapel]
[host platform: linux64]
[target platform: linux64]
[valgrind: OFF]
[performance tests: ON]
[compiler performance tests: OFF]
[number of trials: 10]
[performance graph generation: ON]
[performance graph ranges: ON]
[performance graph data reduction: avg]
[compiler: "$HOMEchapel/bin/linux64-riscv64/chpl"]
[compopts: "--fast --cc-warnings"]
[execopts: ""]
[launchcmd: ""]
[comm: "none"]
[networkAtomics: "none"]
[localeModel: "flat"]
[numlocales: "(default)"]
[max_locales: "(default)"]
[Saving current git sha to $HOMEchapel/test/perfdat/clbg_comparison/perfSha.dat]
Using default date 07/28/26
Looking for sha...found it: ef6f51e04354ff39c8fe07f87e708454057104d0
[tests: "$HOMEchapel/test/release/examples/benchmarks/shootout/chameneosredux-fast.chpl"]
[directories: ""]
[Checking for duplicate performance data filenames]
[Checking for duplicate .graph files and that all .graph files appear in $HOMEchapel/test/*GRAPHFILES]

### Chapel Environment ###
machine info: Linux ubuntu 6.12.33-1-premier #6 SMP PREEMPT_DYNAMIC Thu Nov 27 07:15:04 UTC 2025 riscv64
CHPL_HOME: $HOMEchapel *
script location: $HOMEchapel/util/chplenv
CHPL_HOST_PLATFORM: linux64
CHPL_HOST_COMPILER: llvm +
  CHPL_HOST_CC: $HOMEgit/llvm-project-21/opt/bin/clang +
  CHPL_HOST_CXX: $HOMEgit/llvm-project-21/opt/bin/clang++ +
CHPL_HOST_ARCH: riscv64
CHPL_TARGET_PLATFORM: linux64
CHPL_TARGET_COMPILER: llvm
  CHPL_TARGET_CC: $HOMEgit/llvm-project-21/opt/bin/clang +
  CHPL_TARGET_CXX: $HOMEgit/llvm-project-21/opt/bin/clang++ +
  CHPL_TARGET_LD: $HOMEgit/llvm-project-21/opt/bin/clang++
CHPL_TARGET_ARCH: riscv64
CHPL_TARGET_CPU: native +
CHPL_LOCALE_MODEL: flat *
  CHPL_GPU: none
  CHPL_GPU_SDK_VERSION: none
  CHPL_GPU_MEM_STRATEGY: array_on_device
CHPL_COMM: none *
  CHPL_COMM_SUBSTRATE: none
  CHPL_GASNET_SEGMENT: none *
  CHPL_LIBFABRIC: none
  CHPL_COMM_OFI_OOB: none
CHPL_TASKS: qthreads *
CHPL_LAUNCHER: none *
CHPL_TIMERS: generic
CHPL_UNWIND: bundled
CHPL_HOST_MEM: mimalloc +
  CHPL_HOST_JEMALLOC: none
  CHPL_HOST_MIMALLOC: bundled
CHPL_TARGET_MEM: mimalloc +
  CHPL_TARGET_JEMALLOC: none
  CHPL_TARGET_MIMALLOC: bundled
CHPL_ATOMICS: cstdlib
  CHPL_NETWORK_ATOMICS: none *
CHPL_GMP: bundled
CHPL_HWLOC: bundled
  CHPL_HWLOC_PCI: disable
CHPL_RE2: bundled
CHPL_LLVM: system *
  CHPL_LLVM_SUPPORT: system
  CHPL_LLVM_CONFIG: llvm-config
  CHPL_LLVM_VERSION: 21
CHPL_AUX_FILESYS: none
CHPL_LIB_PIC: none
CHPL_SANITIZE: none
CHPL_SANITIZE_EXE: none
##########################

[Cleaning file $HOMEchapel/test/release/examples/benchmarks/shootout/chameneosredux-fast.chpl]
[Starting sub_clean chameneosredux-fast.chpl Tue Jul 28 22:00:41 UTC 2026]
[Starting sub_clean - Tue Jul 28 22:00:41 UTC 2026]
[pwd: $HOMEchapel/test/release/examples/benchmarks/shootout]
Cleaning test: chameneosredux-fast

[Working on file chameneosredux-fast.chpl]
[Starting $HOMEchapel/util/test/sub_test Tue Jul 28 22:00:41 UTC 2026]
[Starting subtest - Tue Jul 28 22:00:43 UTC 2026]
[test: release/examples/benchmarks/shootout/chameneosredux-fast.chpl]
[Executing compiler $HOMEchapel/bin/linux64-riscv64/chpl --fast --cc-warnings chameneosredux-fast.chpl < /dev/null]
[Elapsed compilation time for "release/examples/benchmarks/shootout/chameneosredux-fast" - 39.707 seconds]
[Success compiling release/examples/benchmarks/shootout/chameneosredux-fast]
[Executing ./PREEXEC]
[Executing program $HOMEchapel/util/test/timers/highPrecisionTimer ./chameneosredux-fast --n=6000000 < /dev/null]
[Reporting processes with top 5 highest cpu usages]
USER         PID %CPU COMMAND
root         204  6.9 [irq/79-fusb303b_interrupt_int_n]
ubuntu    260639  200 ps ax -o user,pid,pcpu,command
ubuntu    260185  1.1 python3 $HOMEchapel/util/test/start_test.py --performance --numtrials 10 test/release/examples/benchmarks/shootout/chameneosredux-fast.chpl
ubuntu    260264  0.3 python3 $HOMEchapel/util/test/sub_test.py $HOMEchapel/bin/linux64-riscv64/chpl
root      259969  0.1 [kworker/u16:1-events_unbound]
[Elapsed execution time for "release/examples/benchmarks/shootout/chameneosredux-fast" - 4.487 seconds]
[Executing prediff ./chameneosredux-fast.prediff]
[Executing $HOMEchapel/util/test/computePerfStats chameneosredux-fast $HOMEchapel/test/perfdat/clbg_comparison chameneosredux-fast.perfkeys chameneosredux-fast.exec.out.tmp False 07/28/26]
Using set date 07/28/26
Checking for absence of /^\d+ (?!zero).*$/ on any line...
SUCCESS
Checking for /one two( zero){6}/ on line 15...
SUCCESS
Checking for /one two( zero){6}/ on line 28...
SUCCESS
Looking for real...found it: 4.27
[Success matching performance keys for release/examples/benchmarks/shootout/chameneosredux-fast]
[Executing program $HOMEchapel/util/test/timers/highPrecisionTimer ./chameneosredux-fast --n=6000000 < /dev/null]
[Reporting processes with top 5 highest cpu usages]
USER         PID %CPU COMMAND
root         204  6.9 [irq/79-fusb303b_interrupt_int_n]
ubuntu    260662  200 ps ax -o user,pid,pcpu,command
ubuntu    260185  1.1 python3 $HOMEchapel/util/test/start_test.py --performance --numtrials 10 test/release/examples/benchmarks/shootout/chameneosredux-fast.chpl
ubuntu    260264  0.3 python3 $HOMEchapel/util/test/sub_test.py $HOMEchapel/bin/linux64-riscv64/chpl
root      259969  0.1 [kworker/u16:1-events_unbound]
[Elapsed execution time for "release/examples/benchmarks/shootout/chameneosredux-fast" - 4.517 seconds]
[Executing prediff ./chameneosredux-fast.prediff]
[Executing $HOMEchapel/util/test/computePerfStats chameneosredux-fast $HOMEchapel/test/perfdat/clbg_comparison chameneosredux-fast.perfkeys chameneosredux-fast.exec.out.tmp False 07/28/26]
Using set date 07/28/26
Checking for absence of /^\d+ (?!zero).*$/ on any line...
SUCCESS
Checking for /one two( zero){6}/ on line 15...
SUCCESS
Checking for /one two( zero){6}/ on line 28...
SUCCESS
Looking for real...found it: 4.306
[Success matching performance keys for release/examples/benchmarks/shootout/chameneosredux-fast]
[Executing program $HOMEchapel/util/test/timers/highPrecisionTimer ./chameneosredux-fast --n=6000000 < /dev/null]
[Reporting processes with top 5 highest cpu usages]
USER         PID %CPU COMMAND
root         204  6.9 [irq/79-fusb303b_interrupt_int_n]
ubuntu    260685  200 ps ax -o user,pid,pcpu,command
ubuntu    260185  1.0 python3 $HOMEchapel/util/test/start_test.py --performance --numtrials 10 test/release/examples/benchmarks/shootout/chameneosredux-fast.chpl
ubuntu    260264  0.3 python3 $HOMEchapel/util/test/sub_test.py $HOMEchapel/bin/linux64-riscv64/chpl
root      259969  0.1 [kworker/u16:1-events_unbound]
[Elapsed execution time for "release/examples/benchmarks/shootout/chameneosredux-fast" - 4.610 seconds]
[Executing prediff ./chameneosredux-fast.prediff]
[Executing $HOMEchapel/util/test/computePerfStats chameneosredux-fast $HOMEchapel/test/perfdat/clbg_comparison chameneosredux-fast.perfkeys chameneosredux-fast.exec.out.tmp False 07/28/26]
Using set date 07/28/26
Checking for absence of /^\d+ (?!zero).*$/ on any line...
SUCCESS
Checking for /one two( zero){6}/ on line 15...
SUCCESS
Checking for /one two( zero){6}/ on line 28...
SUCCESS
Looking for real...found it: 4.397
[Success matching performance keys for release/examples/benchmarks/shootout/chameneosredux-fast]
[Executing program $HOMEchapel/util/test/timers/highPrecisionTimer ./chameneosredux-fast --n=6000000 < /dev/null]
[Reporting processes with top 5 highest cpu usages]
USER         PID %CPU COMMAND
root         204  6.9 [irq/79-fusb303b_interrupt_int_n]
ubuntu    260185  1.0 python3 $HOMEchapel/util/test/start_test.py --performance --numtrials 10 test/release/examples/benchmarks/shootout/chameneosredux-fast.chpl
ubuntu    260264  0.3 python3 $HOMEchapel/util/test/sub_test.py $HOMEchapel/bin/linux64-riscv64/chpl
root      259064  0.2 [kworker/u16:0-ext4-rsv-conversion]
root      258137  0.1 [kworker/u16:2-events_unbound]
[Elapsed execution time for "release/examples/benchmarks/shootout/chameneosredux-fast" - 4.632 seconds]
[Executing prediff ./chameneosredux-fast.prediff]
[Executing $HOMEchapel/util/test/computePerfStats chameneosredux-fast $HOMEchapel/test/perfdat/clbg_comparison chameneosredux-fast.perfkeys chameneosredux-fast.exec.out.tmp False 07/28/26]
Using set date 07/28/26
Checking for absence of /^\d+ (?!zero).*$/ on any line...
SUCCESS
Checking for /one two( zero){6}/ on line 15...
SUCCESS
Checking for /one two( zero){6}/ on line 28...
SUCCESS
Looking for real...found it: 4.419
[Success matching performance keys for release/examples/benchmarks/shootout/chameneosredux-fast]
[Executing program $HOMEchapel/util/test/timers/highPrecisionTimer ./chameneosredux-fast --n=6000000 < /dev/null]
[Reporting processes with top 5 highest cpu usages]
USER         PID %CPU COMMAND
root         204  6.9 [irq/79-fusb303b_interrupt_int_n]
ubuntu    260731  200 ps ax -o user,pid,pcpu,command
ubuntu    260185  0.9 python3 $HOMEchapel/util/test/start_test.py --performance --numtrials 10 test/release/examples/benchmarks/shootout/chameneosredux-fast.chpl
ubuntu    260264  0.3 python3 $HOMEchapel/util/test/sub_test.py $HOMEchapel/bin/linux64-riscv64/chpl
root      259064  0.2 [kworker/u16:0-events_unbound]
[Elapsed execution time for "release/examples/benchmarks/shootout/chameneosredux-fast" - 4.538 seconds]
[Executing prediff ./chameneosredux-fast.prediff]
[Executing $HOMEchapel/util/test/computePerfStats chameneosredux-fast $HOMEchapel/test/perfdat/clbg_comparison chameneosredux-fast.perfkeys chameneosredux-fast.exec.out.tmp False 07/28/26]
Using set date 07/28/26
Checking for absence of /^\d+ (?!zero).*$/ on any line...
SUCCESS
Checking for /one two( zero){6}/ on line 15...
SUCCESS
Checking for /one two( zero){6}/ on line 28...
SUCCESS
Looking for real...found it: 4.326
[Success matching performance keys for release/examples/benchmarks/shootout/chameneosredux-fast]
[Executing program $HOMEchapel/util/test/timers/highPrecisionTimer ./chameneosredux-fast --n=6000000 < /dev/null]
[Reporting processes with top 5 highest cpu usages]
USER         PID %CPU COMMAND
root         204  6.9 [irq/79-fusb303b_interrupt_int_n]
ubuntu    260754  200 ps ax -o user,pid,pcpu,command
ubuntu    260185  0.9 python3 $HOMEchapel/util/test/start_test.py --performance --numtrials 10 test/release/examples/benchmarks/shootout/chameneosredux-fast.chpl
ubuntu    260264  0.3 python3 $HOMEchapel/util/test/sub_test.py $HOMEchapel/bin/linux64-riscv64/chpl
root      259064  0.2 [kworker/u16:0-ext4-rsv-conversion]
[Elapsed execution time for "release/examples/benchmarks/shootout/chameneosredux-fast" - 4.492 seconds]
[Executing prediff ./chameneosredux-fast.prediff]
[Executing $HOMEchapel/util/test/computePerfStats chameneosredux-fast $HOMEchapel/test/perfdat/clbg_comparison chameneosredux-fast.perfkeys chameneosredux-fast.exec.out.tmp False 07/28/26]
Using set date 07/28/26
Checking for absence of /^\d+ (?!zero).*$/ on any line...
SUCCESS
Checking for /one two( zero){6}/ on line 15...
SUCCESS
Checking for /one two( zero){6}/ on line 28...
SUCCESS
Looking for real...found it: 4.288
[Success matching performance keys for release/examples/benchmarks/shootout/chameneosredux-fast]
[Executing program $HOMEchapel/util/test/timers/highPrecisionTimer ./chameneosredux-fast --n=6000000 < /dev/null]
[Reporting processes with top 5 highest cpu usages]
USER         PID %CPU COMMAND
root         204  6.9 [irq/79-fusb303b_interrupt_int_n]
ubuntu    260185  0.9 python3 $HOMEchapel/util/test/start_test.py --performance --numtrials 10 test/release/examples/benchmarks/shootout/chameneosredux-fast.chpl
ubuntu    260264  0.3 python3 $HOMEchapel/util/test/sub_test.py $HOMEchapel/bin/linux64-riscv64/chpl
root      259064  0.2 [kworker/u16:0-events_unbound]
root      258137  0.1 [kworker/u16:2-events_unbound]
[Elapsed execution time for "release/examples/benchmarks/shootout/chameneosredux-fast" - 4.522 seconds]
[Executing prediff ./chameneosredux-fast.prediff]
[Executing $HOMEchapel/util/test/computePerfStats chameneosredux-fast $HOMEchapel/test/perfdat/clbg_comparison chameneosredux-fast.perfkeys chameneosredux-fast.exec.out.tmp False 07/28/26]
Using set date 07/28/26
Checking for absence of /^\d+ (?!zero).*$/ on any line...
SUCCESS
Checking for /one two( zero){6}/ on line 15...
SUCCESS
Checking for /one two( zero){6}/ on line 28...
SUCCESS
Looking for real...found it: 4.315
[Success matching performance keys for release/examples/benchmarks/shootout/chameneosredux-fast]
[Executing program $HOMEchapel/util/test/timers/highPrecisionTimer ./chameneosredux-fast --n=6000000 < /dev/null]
[Reporting processes with top 5 highest cpu usages]
USER         PID %CPU COMMAND
root         204  6.9 [irq/79-fusb303b_interrupt_int_n]
ubuntu    260800  200 ps ax -o user,pid,pcpu,command
ubuntu    260185  0.9 python3 $HOMEchapel/util/test/start_test.py --performance --numtrials 10 test/release/examples/benchmarks/shootout/chameneosredux-fast.chpl
ubuntu    260264  0.3 python3 $HOMEchapel/util/test/sub_test.py $HOMEchapel/bin/linux64-riscv64/chpl
root      259064  0.2 [kworker/u16:0-events_unbound]
[Elapsed execution time for "release/examples/benchmarks/shootout/chameneosredux-fast" - 4.500 seconds]
[Executing prediff ./chameneosredux-fast.prediff]
[Executing $HOMEchapel/util/test/computePerfStats chameneosredux-fast $HOMEchapel/test/perfdat/clbg_comparison chameneosredux-fast.perfkeys chameneosredux-fast.exec.out.tmp False 07/28/26]
Using set date 07/28/26
Checking for absence of /^\d+ (?!zero).*$/ on any line...
SUCCESS
Checking for /one two( zero){6}/ on line 15...
SUCCESS
Checking for /one two( zero){6}/ on line 28...
SUCCESS
Looking for real...found it: 4.296
[Success matching performance keys for release/examples/benchmarks/shootout/chameneosredux-fast]
[Executing program $HOMEchapel/util/test/timers/highPrecisionTimer ./chameneosredux-fast --n=6000000 < /dev/null]
[Reporting processes with top 5 highest cpu usages]
USER         PID %CPU COMMAND
root         204  6.9 [irq/79-fusb303b_interrupt_int_n]
ubuntu    260185  0.8 python3 $HOMEchapel/util/test/start_test.py --performance --numtrials 10 test/release/examples/benchmarks/shootout/chameneosredux-fast.chpl
ubuntu    260264  0.3 python3 $HOMEchapel/util/test/sub_test.py $HOMEchapel/bin/linux64-riscv64/chpl
root      259064  0.2 [kworker/u16:0-events_unbound]
root      258137  0.1 [kworker/u16:2-events_unbound]
[Elapsed execution time for "release/examples/benchmarks/shootout/chameneosredux-fast" - 4.517 seconds]
[Executing prediff ./chameneosredux-fast.prediff]
[Executing $HOMEchapel/util/test/computePerfStats chameneosredux-fast $HOMEchapel/test/perfdat/clbg_comparison chameneosredux-fast.perfkeys chameneosredux-fast.exec.out.tmp False 07/28/26]
Using set date 07/28/26
Checking for absence of /^\d+ (?!zero).*$/ on any line...
SUCCESS
Checking for /one two( zero){6}/ on line 15...
SUCCESS
Checking for /one two( zero){6}/ on line 28...
SUCCESS
Looking for real...found it: 4.303
[Success matching performance keys for release/examples/benchmarks/shootout/chameneosredux-fast]
[Executing program $HOMEchapel/util/test/timers/highPrecisionTimer ./chameneosredux-fast --n=6000000 < /dev/null]
[Reporting processes with top 5 highest cpu usages]
USER         PID %CPU COMMAND
root         204  6.9 [irq/79-fusb303b_interrupt_int_n]
ubuntu    260847  200 ps ax -o user,pid,pcpu,command
ubuntu    260185  0.8 python3 $HOMEchapel/util/test/start_test.py --performance --numtrials 10 test/release/examples/benchmarks/shootout/chameneosredux-fast.chpl
ubuntu    260264  0.3 python3 $HOMEchapel/util/test/sub_test.py $HOMEchapel/bin/linux64-riscv64/chpl
root      259064  0.2 [kworker/u16:0-kvfree_rcu_reclaim]
[Elapsed execution time for "release/examples/benchmarks/shootout/chameneosredux-fast" - 4.538 seconds]
[Executing prediff ./chameneosredux-fast.prediff]
[Executing $HOMEchapel/util/test/computePerfStats chameneosredux-fast $HOMEchapel/test/perfdat/clbg_comparison chameneosredux-fast.perfkeys chameneosredux-fast.exec.out.tmp False 07/28/26]
Using set date 07/28/26
Checking for absence of /^\d+ (?!zero).*$/ on any line...
SUCCESS
Checking for /one two( zero){6}/ on line 15...
SUCCESS
Checking for /one two( zero){6}/ on line 28...
SUCCESS
Looking for real...found it: 4.322
[Success matching performance keys for release/examples/benchmarks/shootout/chameneosredux-fast]
[Elapsed time to compile and execute all versions of "release/examples/benchmarks/shootout/chameneosredux-fast" - 149.193 seconds]
[Finished subtest "release/examples/benchmarks/shootout/chameneosredux-fast" - 150.874 seconds]

[Executing genGraphs for $HOMEchapel/test/GRAPHFILES in $HOMEchapel/test/perfdat/clbg_comparison/html]
Running genGraphs with $HOMEchapel/util/test/genGraphs.py  -p $HOMEchapel/test/perfdat/clbg_comparison -o $HOMEchapel/test/perfdat/clbg_comparison/html -t $HOMEchapel/test -n ubuntu   -r avg -g $HOMEchapel/test/GRAPHFILES
WARNING: Invalid graph file key file in $HOMEchapel/test/patterns/primality/prime.graph
WARNING: Invalid graph file key file in $HOMEchapel/test/io/vass/time-write.graph
Read 212 graph files in 37 suites
Created SUCCESS file
[Success generating graphs from $HOMEchapel/test/GRAPHFILES in $HOMEchapel/test/perfdat/clbg_comparison/html]
[Done with tests - 260728.220316]
[Log file: $HOMEchapel/test/Logs/ubuntu.linux64.log ]

[Test Summary - 260728.220316]
[Summary: #Successes = 10 | #Failures = 0 | #Futures = 0 | #Warnings = 0 ]
[Summary: #Passing Suppressions = 0 | #Passing Futures = 0 ]
[END]


[Removing log file with duplicate name $HOMEchapel/test/Logs/ubuntu.linux64.log]
[Starting Chapel regression tests - 260728.220317]
[git branch: 'HEAD' (ef6f51e0435)]
[starting directory: "$HOMEchapel"]
[Logs directory: "$HOMEchapel/test/Logs"]
[log_file: "$HOMEchapel/test/Logs/ubuntu.linux64.log"]
[CHPL_HOME: $HOMEchapel]
[host platform: linux64]
[target platform: linux64]
[valgrind: OFF]
[performance tests: ON]
[compiler performance tests: OFF]
[number of trials: 10]
[performance graph generation: ON]
[performance graph ranges: ON]
[performance graph data reduction: avg]
[compiler: "$HOMEchapel/bin/linux64-riscv64/chpl"]
[compopts: "--fast --cc-warnings"]
[execopts: ""]
[launchcmd: ""]
[comm: "none"]
[networkAtomics: "none"]
[localeModel: "flat"]
[numlocales: "(default)"]
[max_locales: "(default)"]
[Saving current git sha to $HOMEchapel/test/perfdat/clbg_comparison/perfSha.dat]
Using default date 07/28/26
Looking for sha...found it: ef6f51e04354ff39c8fe07f87e708454057104d0
[tests: "$HOMEchapel/test/release/examples/benchmarks/shootout/threadring.chpl"]
[directories: ""]
[Checking for duplicate performance data filenames]
[Checking for duplicate .graph files and that all .graph files appear in $HOMEchapel/test/*GRAPHFILES]

### Chapel Environment ###
machine info: Linux ubuntu 6.12.33-1-premier #6 SMP PREEMPT_DYNAMIC Thu Nov 27 07:15:04 UTC 2025 riscv64
CHPL_HOME: $HOMEchapel *
script location: $HOMEchapel/util/chplenv
CHPL_HOST_PLATFORM: linux64
CHPL_HOST_COMPILER: llvm +
  CHPL_HOST_CC: $HOMEgit/llvm-project-21/opt/bin/clang +
  CHPL_HOST_CXX: $HOMEgit/llvm-project-21/opt/bin/clang++ +
CHPL_HOST_ARCH: riscv64
CHPL_TARGET_PLATFORM: linux64
CHPL_TARGET_COMPILER: llvm
  CHPL_TARGET_CC: $HOMEgit/llvm-project-21/opt/bin/clang +
  CHPL_TARGET_CXX: $HOMEgit/llvm-project-21/opt/bin/clang++ +
  CHPL_TARGET_LD: $HOMEgit/llvm-project-21/opt/bin/clang++
CHPL_TARGET_ARCH: riscv64
CHPL_TARGET_CPU: native +
CHPL_LOCALE_MODEL: flat *
  CHPL_GPU: none
  CHPL_GPU_SDK_VERSION: none
  CHPL_GPU_MEM_STRATEGY: array_on_device
CHPL_COMM: none *
  CHPL_COMM_SUBSTRATE: none
  CHPL_GASNET_SEGMENT: none *
  CHPL_LIBFABRIC: none
  CHPL_COMM_OFI_OOB: none
CHPL_TASKS: qthreads *
CHPL_LAUNCHER: none *
CHPL_TIMERS: generic
CHPL_UNWIND: bundled
CHPL_HOST_MEM: mimalloc +
  CHPL_HOST_JEMALLOC: none
  CHPL_HOST_MIMALLOC: bundled
CHPL_TARGET_MEM: mimalloc +
  CHPL_TARGET_JEMALLOC: none
  CHPL_TARGET_MIMALLOC: bundled
CHPL_ATOMICS: cstdlib
  CHPL_NETWORK_ATOMICS: none *
CHPL_GMP: bundled
CHPL_HWLOC: bundled
  CHPL_HWLOC_PCI: disable
CHPL_RE2: bundled
CHPL_LLVM: system *
  CHPL_LLVM_SUPPORT: system
  CHPL_LLVM_CONFIG: llvm-config
  CHPL_LLVM_VERSION: 21
CHPL_AUX_FILESYS: none
CHPL_LIB_PIC: none
CHPL_SANITIZE: none
CHPL_SANITIZE_EXE: none
##########################

[Cleaning file $HOMEchapel/test/release/examples/benchmarks/shootout/threadring.chpl]
[Starting sub_clean threadring.chpl Tue Jul 28 22:03:19 UTC 2026]
[Starting sub_clean - Tue Jul 28 22:03:19 UTC 2026]
[pwd: $HOMEchapel/test/release/examples/benchmarks/shootout]
Cleaning test: threadring

[Working on file threadring.chpl]
[Starting $HOMEchapel/util/test/sub_test Tue Jul 28 22:03:19 UTC 2026]
[Starting subtest - Tue Jul 28 22:03:21 UTC 2026]
[test: release/examples/benchmarks/shootout/threadring.chpl]
[Checking suppressif: threadring.suppressif]
[Executing compiler $HOMEchapel/bin/linux64-riscv64/chpl --fast --cc-warnings threadring.chpl < /dev/null]
[Elapsed compilation time for "release/examples/benchmarks/shootout/threadring" - 36.197 seconds]
[Success compiling release/examples/benchmarks/shootout/threadring]
[Executing ./PREEXEC]
[Executing program $HOMEchapel/util/test/timers/highPrecisionTimer ./threadring --n=50000000 < /dev/null]
[Reporting processes with top 5 highest cpu usages]
USER         PID %CPU COMMAND
root         204  6.9 [irq/79-fusb303b_interrupt_int_n]
ubuntu    260881  0.6 python3 $HOMEchapel/util/test/start_test.py --performance --numtrials 10 test/release/examples/benchmarks/shootout/threadring.chpl
root      261395  0.5 [kworker/u16:3-events_unbound]
ubuntu    260956  0.2 python3 $HOMEchapel/util/test/sub_test.py $HOMEchapel/bin/linux64-riscv64/chpl
root      258137  0.1 [kworker/u16:2-events_unbound]
[Elapsed execution time for "release/examples/benchmarks/shootout/threadring" - 87.348 seconds]
[Executing $HOMEchapel/util/test/computePerfStats threadring $HOMEchapel/test/perfdat/clbg_comparison threadring.perfkeys threadring.exec.out.tmp False 07/28/26]
Using set date 07/28/26
Checking for /292/ on line 1...
SUCCESS
Looking for real...found it: 87.13
[Success matching performance keys for release/examples/benchmarks/shootout/threadring]
[Executing program $HOMEchapel/util/test/timers/highPrecisionTimer ./threadring --n=50000000 < /dev/null]
[Reporting processes with top 5 highest cpu usages]
USER         PID %CPU COMMAND
root         204  6.9 [irq/79-fusb303b_interrupt_int_n]
ubuntu    260881  0.4 python3 $HOMEchapel/util/test/start_test.py --performance --numtrials 10 test/release/examples/benchmarks/shootout/threadring.chpl
root      261395  0.2 [kworker/u16:3-events_unbound]
ubuntu    260956  0.1 python3 $HOMEchapel/util/test/sub_test.py $HOMEchapel/bin/linux64-riscv64/chpl
root      258137  0.1 [kworker/u16:2-kvfree_rcu_reclaim]
[Elapsed execution time for "release/examples/benchmarks/shootout/threadring" - 86.041 seconds]
[Executing $HOMEchapel/util/test/computePerfStats threadring $HOMEchapel/test/perfdat/clbg_comparison threadring.perfkeys threadring.exec.out.tmp False 07/28/26]
Using set date 07/28/26
Checking for /292/ on line 1...
SUCCESS
Looking for real...found it: 85.82
[Success matching performance keys for release/examples/benchmarks/shootout/threadring]
[Executing program $HOMEchapel/util/test/timers/highPrecisionTimer ./threadring --n=50000000 < /dev/null]
[Reporting processes with top 5 highest cpu usages]
USER         PID %CPU COMMAND
root         204  6.9 [irq/79-fusb303b_interrupt_int_n]
ubuntu    261641  200 ps ax -o user,pid,pcpu,command
ubuntu    260881  0.3 python3 $HOMEchapel/util/test/start_test.py --performance --numtrials 10 test/release/examples/benchmarks/shootout/threadring.chpl
root      261395  0.2 [kworker/u16:3-events_unbound]
ubuntu    260956  0.1 python3 $HOMEchapel/util/test/sub_test.py $HOMEchapel/bin/linux64-riscv64/chpl
[Elapsed execution time for "release/examples/benchmarks/shootout/threadring" - 86.470 seconds]
[Executing $HOMEchapel/util/test/computePerfStats threadring $HOMEchapel/test/perfdat/clbg_comparison threadring.perfkeys threadring.exec.out.tmp False 07/28/26]
Using set date 07/28/26
Checking for /292/ on line 1...
SUCCESS
Looking for real...found it: 86.26
[Success matching performance keys for release/examples/benchmarks/shootout/threadring]
[Executing program $HOMEchapel/util/test/timers/highPrecisionTimer ./threadring --n=50000000 < /dev/null]
[Reporting processes with top 5 highest cpu usages]
USER         PID %CPU COMMAND
root         204  6.9 [irq/79-fusb303b_interrupt_int_n]
ubuntu    260881  0.2 python3 $HOMEchapel/util/test/start_test.py --performance --numtrials 10 test/release/examples/benchmarks/shootout/threadring.chpl
root      261395  0.1 [kworker/u16:3-flush-179:0]
root      258137  0.1 [kworker/u16:2-kvfree_rcu_reclaim]
root      259064  0.1 [kworker/u16:0-events_unbound]
[Elapsed execution time for "release/examples/benchmarks/shootout/threadring" - 86.590 seconds]
[Executing $HOMEchapel/util/test/computePerfStats threadring $HOMEchapel/test/perfdat/clbg_comparison threadring.perfkeys threadring.exec.out.tmp False 07/28/26]
Using set date 07/28/26
Checking for /292/ on line 1...
SUCCESS
Looking for real...found it: 86.38
[Success matching performance keys for release/examples/benchmarks/shootout/threadring]
[Executing program $HOMEchapel/util/test/timers/highPrecisionTimer ./threadring --n=50000000 < /dev/null]
[Reporting processes with top 5 highest cpu usages]
USER         PID %CPU COMMAND
root         204  6.9 [irq/79-fusb303b_interrupt_int_n]
ubuntu    260881  0.2 python3 $HOMEchapel/util/test/start_test.py --performance --numtrials 10 test/release/examples/benchmarks/shootout/threadring.chpl
root      261395  0.1 [kworker/u16:3-flush-179:0]
root      258137  0.1 [kworker/u16:2-events_unbound]
root      259064  0.1 [kworker/u16:0-flush-179:0]
[Elapsed execution time for "release/examples/benchmarks/shootout/threadring" - 86.380 seconds]
[Executing $HOMEchapel/util/test/computePerfStats threadring $HOMEchapel/test/perfdat/clbg_comparison threadring.perfkeys threadring.exec.out.tmp False 07/28/26]
Using set date 07/28/26
Checking for /292/ on line 1...
SUCCESS
Looking for real...found it: 86.17
[Success matching performance keys for release/examples/benchmarks/shootout/threadring]
[Executing program $HOMEchapel/util/test/timers/highPrecisionTimer ./threadring --n=50000000 < /dev/null]
[Reporting processes with top 5 highest cpu usages]
USER         PID %CPU COMMAND
root         204  6.9 [irq/79-fusb303b_interrupt_int_n]
ubuntu    261897  200 ps ax -o user,pid,pcpu,command
ubuntu    260881  0.2 python3 $HOMEchapel/util/test/start_test.py --performance --numtrials 10 test/release/examples/benchmarks/shootout/threadring.chpl
root      261395  0.1 [kworker/u16:3-kvfree_rcu_reclaim]
root      258137  0.1 [kworker/u16:2-kvfree_rcu_reclaim]
[Elapsed execution time for "release/examples/benchmarks/shootout/threadring" - 86.590 seconds]
[Executing $HOMEchapel/util/test/computePerfStats threadring $HOMEchapel/test/perfdat/clbg_comparison threadring.perfkeys threadring.exec.out.tmp False 07/28/26]
Using set date 07/28/26
Checking for /292/ on line 1...
SUCCESS
Looking for real...found it: 86.37
[Success matching performance keys for release/examples/benchmarks/shootout/threadring]
[Executing program $HOMEchapel/util/test/timers/highPrecisionTimer ./threadring --n=50000000 < /dev/null]
[Reporting processes with top 5 highest cpu usages]
USER         PID %CPU COMMAND
root         204  6.9 [irq/79-fusb303b_interrupt_int_n]
ubuntu    260881  0.1 python3 $HOMEchapel/util/test/start_test.py --performance --numtrials 10 test/release/examples/benchmarks/shootout/threadring.chpl
root      261395  0.1 [kworker/u16:3-flush-179:0]
root      258137  0.1 [kworker/u16:2-flush-179:0]
root      259064  0.1 [kworker/u16:0-flush-179:0]
[Elapsed execution time for "release/examples/benchmarks/shootout/threadring" - 86.146 seconds]
[Executing $HOMEchapel/util/test/computePerfStats threadring $HOMEchapel/test/perfdat/clbg_comparison threadring.perfkeys threadring.exec.out.tmp False 07/28/26]
Using set date 07/28/26
Checking for /292/ on line 1...
SUCCESS
Looking for real...found it: 85.93
[Success matching performance keys for release/examples/benchmarks/shootout/threadring]
[Executing program $HOMEchapel/util/test/timers/highPrecisionTimer ./threadring --n=50000000 < /dev/null]
[Reporting processes with top 5 highest cpu usages]
USER         PID %CPU COMMAND
root         204  6.9 [irq/79-fusb303b_interrupt_int_n]
ubuntu    260881  0.1 python3 $HOMEchapel/util/test/start_test.py --performance --numtrials 10 test/release/examples/benchmarks/shootout/threadring.chpl
root      258137  0.1 [kworker/u16:2-events_unbound]
root      259064  0.1 [kworker/u16:0-events_unbound]
root       80201  0.1 /usr/bin/es-bmcd
[Elapsed execution time for "release/examples/benchmarks/shootout/threadring" - 86.333 seconds]
[Executing $HOMEchapel/util/test/computePerfStats threadring $HOMEchapel/test/perfdat/clbg_comparison threadring.perfkeys threadring.exec.out.tmp False 07/28/26]
Using set date 07/28/26
Checking for /292/ on line 1...
SUCCESS
Looking for real...found it: 86.13
[Success matching performance keys for release/examples/benchmarks/shootout/threadring]
[Executing program $HOMEchapel/util/test/timers/highPrecisionTimer ./threadring --n=50000000 < /dev/null]
[Reporting processes with top 5 highest cpu usages]
USER         PID %CPU COMMAND
root         204  6.9 [irq/79-fusb303b_interrupt_int_n]
ubuntu    262163  200 ps ax -o user,pid,pcpu,command
ubuntu    260881  0.1 python3 $HOMEchapel/util/test/start_test.py --performance --numtrials 10 test/release/examples/benchmarks/shootout/threadring.chpl
root      258137  0.1 [kworker/u16:2-events_unbound]
root      259064  0.1 [kworker/u16:0-flush-179:0]
[Elapsed execution time for "release/examples/benchmarks/shootout/threadring" - 86.877 seconds]
[Executing $HOMEchapel/util/test/computePerfStats threadring $HOMEchapel/test/perfdat/clbg_comparison threadring.perfkeys threadring.exec.out.tmp False 07/28/26]
Using set date 07/28/26
Checking for /292/ on line 1...
SUCCESS
Looking for real...found it: 86.67
[Success matching performance keys for release/examples/benchmarks/shootout/threadring]
[Executing program $HOMEchapel/util/test/timers/highPrecisionTimer ./threadring --n=50000000 < /dev/null]
[Reporting processes with top 5 highest cpu usages]
USER         PID %CPU COMMAND
root         204  6.9 [irq/79-fusb303b_interrupt_int_n]
ubuntu    260881  0.1 python3 $HOMEchapel/util/test/start_test.py --performance --numtrials 10 test/release/examples/benchmarks/shootout/threadring.chpl
root      258137  0.1 [kworker/u16:2-flush-179:0]
root      259064  0.1 [kworker/u16:0-events_unbound]
root       80201  0.1 /usr/bin/es-bmcd
[Elapsed execution time for "release/examples/benchmarks/shootout/threadring" - 86.283 seconds]
[Executing $HOMEchapel/util/test/computePerfStats threadring $HOMEchapel/test/perfdat/clbg_comparison threadring.perfkeys threadring.exec.out.tmp False 07/28/26]
Using set date 07/28/26
Checking for /292/ on line 1...
SUCCESS
Looking for real...found it: 86.08
[Success matching performance keys for release/examples/benchmarks/shootout/threadring]
[Elapsed time to compile and execute all versions of "release/examples/benchmarks/shootout/threadring" - 964.781 seconds]
[Finished subtest "release/examples/benchmarks/shootout/threadring" - 967.223 seconds]

[Executing genGraphs for $HOMEchapel/test/GRAPHFILES in $HOMEchapel/test/perfdat/clbg_comparison/html]
Running genGraphs with $HOMEchapel/util/test/genGraphs.py  -p $HOMEchapel/test/perfdat/clbg_comparison -o $HOMEchapel/test/perfdat/clbg_comparison/html -t $HOMEchapel/test -n ubuntu   -r avg -g $HOMEchapel/test/GRAPHFILES
WARNING: Invalid graph file key file in $HOMEchapel/test/patterns/primality/prime.graph
WARNING: Invalid graph file key file in $HOMEchapel/test/io/vass/time-write.graph
Read 212 graph files in 37 suites
Created SUCCESS file
[Success generating graphs from $HOMEchapel/test/GRAPHFILES in $HOMEchapel/test/perfdat/clbg_comparison/html]
[Done with tests - 260728.221930]
[Log file: $HOMEchapel/test/Logs/ubuntu.linux64.log ]

[Test Summary - 260728.221930]
[Summary: #Successes = 10 | #Failures = 0 | #Futures = 0 | #Warnings = 0 ]
[Summary: #Passing Suppressions = 0 | #Passing Futures = 0 ]
[END]


[Removing log file with duplicate name $HOMEchapel/test/Logs/ubuntu.linux64.log]
[Starting Chapel regression tests - 260728.221931]
[git branch: 'HEAD' (ef6f51e0435)]
[starting directory: "$HOMEchapel"]
[Logs directory: "$HOMEchapel/test/Logs"]
[log_file: "$HOMEchapel/test/Logs/ubuntu.linux64.log"]
[CHPL_HOME: $HOMEchapel]
[host platform: linux64]
[target platform: linux64]
[valgrind: OFF]
[performance tests: ON]
[compiler performance tests: OFF]
[number of trials: 10]
[performance graph generation: ON]
[performance graph ranges: ON]
[performance graph data reduction: avg]
[compiler: "$HOMEchapel/bin/linux64-riscv64/chpl"]
[compopts: "--fast --cc-warnings"]
[execopts: ""]
[launchcmd: ""]
[comm: "none"]
[networkAtomics: "none"]
[localeModel: "flat"]
[numlocales: "(default)"]
[max_locales: "(default)"]
[Saving current git sha to $HOMEchapel/test/perfdat/clbg_comparison/perfSha.dat]
Using default date 07/28/26
Looking for sha...found it: ef6f51e04354ff39c8fe07f87e708454057104d0
[tests: "$HOMEchapel/test/studies/shootout/thread-ring/lydia/thread-ring-coforall-begin.chpl"]
[directories: ""]
[Checking for duplicate performance data filenames]
[Checking for duplicate .graph files and that all .graph files appear in $HOMEchapel/test/*GRAPHFILES]

### Chapel Environment ###
machine info: Linux ubuntu 6.12.33-1-premier #6 SMP PREEMPT_DYNAMIC Thu Nov 27 07:15:04 UTC 2025 riscv64
CHPL_HOME: $HOMEchapel *
script location: $HOMEchapel/util/chplenv
CHPL_HOST_PLATFORM: linux64
CHPL_HOST_COMPILER: llvm +
  CHPL_HOST_CC: $HOMEgit/llvm-project-21/opt/bin/clang +
  CHPL_HOST_CXX: $HOMEgit/llvm-project-21/opt/bin/clang++ +
CHPL_HOST_ARCH: riscv64
CHPL_TARGET_PLATFORM: linux64
CHPL_TARGET_COMPILER: llvm
  CHPL_TARGET_CC: $HOMEgit/llvm-project-21/opt/bin/clang +
  CHPL_TARGET_CXX: $HOMEgit/llvm-project-21/opt/bin/clang++ +
  CHPL_TARGET_LD: $HOMEgit/llvm-project-21/opt/bin/clang++
CHPL_TARGET_ARCH: riscv64
CHPL_TARGET_CPU: native +
CHPL_LOCALE_MODEL: flat *
  CHPL_GPU: none
  CHPL_GPU_SDK_VERSION: none
  CHPL_GPU_MEM_STRATEGY: array_on_device
CHPL_COMM: none *
  CHPL_COMM_SUBSTRATE: none
  CHPL_GASNET_SEGMENT: none *
  CHPL_LIBFABRIC: none
  CHPL_COMM_OFI_OOB: none
CHPL_TASKS: qthreads *
CHPL_LAUNCHER: none *
CHPL_TIMERS: generic
CHPL_UNWIND: bundled
CHPL_HOST_MEM: mimalloc +
  CHPL_HOST_JEMALLOC: none
  CHPL_HOST_MIMALLOC: bundled
CHPL_TARGET_MEM: mimalloc +
  CHPL_TARGET_JEMALLOC: none
  CHPL_TARGET_MIMALLOC: bundled
CHPL_ATOMICS: cstdlib
  CHPL_NETWORK_ATOMICS: none *
CHPL_GMP: bundled
CHPL_HWLOC: bundled
  CHPL_HWLOC_PCI: disable
CHPL_RE2: bundled
CHPL_LLVM: system *
  CHPL_LLVM_SUPPORT: system
  CHPL_LLVM_CONFIG: llvm-config
  CHPL_LLVM_VERSION: 21
CHPL_AUX_FILESYS: none
CHPL_LIB_PIC: none
CHPL_SANITIZE: none
CHPL_SANITIZE_EXE: none
##########################

[Cleaning file $HOMEchapel/test/studies/shootout/thread-ring/lydia/thread-ring-coforall-begin.chpl]
[Starting sub_clean thread-ring-coforall-begin.chpl Tue Jul 28 22:19:33 UTC 2026]
[Starting sub_clean - Tue Jul 28 22:19:33 UTC 2026]
[pwd: $HOMEchapel/test/studies/shootout/thread-ring/lydia]
Cleaning test: thread-ring-coforall-begin

[Working on file thread-ring-coforall-begin.chpl]
[Starting $HOMEchapel/util/test/sub_test Tue Jul 28 22:19:33 UTC 2026]
[Starting subtest - Tue Jul 28 22:19:35 UTC 2026]
[test: studies/shootout/thread-ring/lydia/thread-ring-coforall-begin.chpl]
[Checking suppressif: thread-ring-coforall-begin.suppressif]
[Executing compiler $HOMEchapel/bin/linux64-riscv64/chpl --fast --cc-warnings thread-ring-coforall-begin.chpl < /dev/null]
[Elapsed compilation time for "studies/shootout/thread-ring/lydia/thread-ring-coforall-begin" - 37.206 seconds]
[Success compiling studies/shootout/thread-ring/lydia/thread-ring-coforall-begin]
[Executing program $HOMEchapel/util/test/timers/highPrecisionTimer ./thread-ring-coforall-begin --N=50000000 < /dev/null]
[Reporting processes with top 5 highest cpu usages]
USER         PID %CPU COMMAND
root         204  6.9 [irq/79-fusb303b_interrupt_int_n]
ubuntu    262279  1.1 python3 $HOMEchapel/util/test/start_test.py --performance --numtrials 10 test/studies/shootout/thread-ring/lydia/thread-ring-coforall-begin.chpl
ubuntu    262354  0.3 python3 $HOMEchapel/util/test/sub_test.py $HOMEchapel/bin/linux64-riscv64/chpl
root      258137  0.1 [kworker/u16:2-flush-179:0]
root      259064  0.1 [kworker/u16:0-flush-179:0]
[Elapsed execution time for "studies/shootout/thread-ring/lydia/thread-ring-coforall-begin" - 72.217 seconds]
[Executing $HOMEchapel/util/test/computePerfStats thread-ring-coforall-begin $HOMEchapel/test/perfdat/clbg_comparison thread-ring-coforall-begin.perfkeys thread-ring-coforall-begin.exec.out.tmp False 07/28/26]
Using set date 07/28/26
Checking for /292/ on line 1...
SUCCESS
Looking for real...found it: 71.99
[Success matching performance keys for studies/shootout/thread-ring/lydia/thread-ring-coforall-begin]
[Executing program $HOMEchapel/util/test/timers/highPrecisionTimer ./thread-ring-coforall-begin --N=50000000 < /dev/null]
[Reporting processes with top 5 highest cpu usages]
USER         PID %CPU COMMAND
root         204  6.9 [irq/79-fusb303b_interrupt_int_n]
ubuntu    262810  300 ps ax -o user,pid,pcpu,command
ubuntu    262279  0.7 python3 $HOMEchapel/util/test/start_test.py --performance --numtrials 10 test/studies/shootout/thread-ring/lydia/thread-ring-coforall-begin.chpl
ubuntu    262354  0.2 python3 $HOMEchapel/util/test/sub_test.py $HOMEchapel/bin/linux64-riscv64/chpl
root      258137  0.1 [kworker/u16:2-flush-179:0]
[Elapsed execution time for "studies/shootout/thread-ring/lydia/thread-ring-coforall-begin" - 71.455 seconds]
[Executing $HOMEchapel/util/test/computePerfStats thread-ring-coforall-begin $HOMEchapel/test/perfdat/clbg_comparison thread-ring-coforall-begin.perfkeys thread-ring-coforall-begin.exec.out.tmp False 07/28/26]
Using set date 07/28/26
Checking for /292/ on line 1...
SUCCESS
Looking for real...found it: 71.24
[Success matching performance keys for studies/shootout/thread-ring/lydia/thread-ring-coforall-begin]
[Executing program $HOMEchapel/util/test/timers/highPrecisionTimer ./thread-ring-coforall-begin --N=50000000 < /dev/null]
[Reporting processes with top 5 highest cpu usages]
USER         PID %CPU COMMAND
root         204  6.9 [irq/79-fusb303b_interrupt_int_n]
ubuntu    262279  0.5 python3 $HOMEchapel/util/test/start_test.py --performance --numtrials 10 test/studies/shootout/thread-ring/lydia/thread-ring-coforall-begin.chpl
ubuntu    262354  0.1 python3 $HOMEchapel/util/test/sub_test.py $HOMEchapel/bin/linux64-riscv64/chpl
root      258137  0.1 [kworker/u16:2-flush-179:0]
root       80201  0.1 /usr/bin/es-bmcd
[Elapsed execution time for "studies/shootout/thread-ring/lydia/thread-ring-coforall-begin" - 71.677 seconds]
[Executing $HOMEchapel/util/test/computePerfStats thread-ring-coforall-begin $HOMEchapel/test/perfdat/clbg_comparison thread-ring-coforall-begin.perfkeys thread-ring-coforall-begin.exec.out.tmp False 07/28/26]
Using set date 07/28/26
Checking for /292/ on line 1...
SUCCESS
Looking for real...found it: 71.47
[Success matching performance keys for studies/shootout/thread-ring/lydia/thread-ring-coforall-begin]
[Executing program $HOMEchapel/util/test/timers/highPrecisionTimer ./thread-ring-coforall-begin --N=50000000 < /dev/null]
[Reporting processes with top 5 highest cpu usages]
USER         PID %CPU COMMAND
root         204  6.9 [irq/79-fusb303b_interrupt_int_n]
ubuntu    262963  200 ps ax -o user,pid,pcpu,command
ubuntu    262279  0.3 python3 $HOMEchapel/util/test/start_test.py --performance --numtrials 10 test/studies/shootout/thread-ring/lydia/thread-ring-coforall-begin.chpl
ubuntu    262354  0.1 python3 $HOMEchapel/util/test/sub_test.py $HOMEchapel/bin/linux64-riscv64/chpl
root      258137  0.1 [kworker/u16:2-flush-179:0]
[Elapsed execution time for "studies/shootout/thread-ring/lydia/thread-ring-coforall-begin" - 72.186 seconds]
[Executing $HOMEchapel/util/test/computePerfStats thread-ring-coforall-begin $HOMEchapel/test/perfdat/clbg_comparison thread-ring-coforall-begin.perfkeys thread-ring-coforall-begin.exec.out.tmp False 07/28/26]
Using set date 07/28/26
Checking for /292/ on line 1...
SUCCESS
Looking for real...found it: 71.97
[Success matching performance keys for studies/shootout/thread-ring/lydia/thread-ring-coforall-begin]
[Executing program $HOMEchapel/util/test/timers/highPrecisionTimer ./thread-ring-coforall-begin --N=50000000 < /dev/null]
[Reporting processes with top 5 highest cpu usages]
USER         PID %CPU COMMAND
root         204  6.9 [irq/79-fusb303b_interrupt_int_n]
ubuntu    262279  0.3 python3 $HOMEchapel/util/test/start_test.py --performance --numtrials 10 test/studies/shootout/thread-ring/lydia/thread-ring-coforall-begin.chpl
ubuntu    262354  0.1 python3 $HOMEchapel/util/test/sub_test.py $HOMEchapel/bin/linux64-riscv64/chpl
root       80201  0.1 /usr/bin/es-bmcd
ubuntu    263036  0.0 tail -n +2
[Elapsed execution time for "studies/shootout/thread-ring/lydia/thread-ring-coforall-begin" - 71.492 seconds]
[Executing $HOMEchapel/util/test/computePerfStats thread-ring-coforall-begin $HOMEchapel/test/perfdat/clbg_comparison thread-ring-coforall-begin.perfkeys thread-ring-coforall-begin.exec.out.tmp False 07/28/26]
Using set date 07/28/26
Checking for /292/ on line 1...
SUCCESS
Looking for real...found it: 71.29
[Success matching performance keys for studies/shootout/thread-ring/lydia/thread-ring-coforall-begin]
[Executing program $HOMEchapel/util/test/timers/highPrecisionTimer ./thread-ring-coforall-begin --N=50000000 < /dev/null]
[Reporting processes with top 5 highest cpu usages]
USER         PID %CPU COMMAND
root         204  6.9 [irq/79-fusb303b_interrupt_int_n]
ubuntu    262279  0.2 python3 $HOMEchapel/util/test/start_test.py --performance --numtrials 10 test/studies/shootout/thread-ring/lydia/thread-ring-coforall-begin.chpl
root       80201  0.1 /usr/bin/es-bmcd
ubuntu    263108  0.0 tail -n +2
ubuntu    119442  0.0 sshd: ubuntu@pts/1
[Elapsed execution time for "studies/shootout/thread-ring/lydia/thread-ring-coforall-begin" - 71.743 seconds]
[Executing $HOMEchapel/util/test/computePerfStats thread-ring-coforall-begin $HOMEchapel/test/perfdat/clbg_comparison thread-ring-coforall-begin.perfkeys thread-ring-coforall-begin.exec.out.tmp False 07/28/26]
Using set date 07/28/26
Checking for /292/ on line 1...
SUCCESS
Looking for real...found it: 71.53
[Success matching performance keys for studies/shootout/thread-ring/lydia/thread-ring-coforall-begin]
[Executing program $HOMEchapel/util/test/timers/highPrecisionTimer ./thread-ring-coforall-begin --N=50000000 < /dev/null]
[Reporting processes with top 5 highest cpu usages]
USER         PID %CPU COMMAND
root         204  6.9 [irq/79-fusb303b_interrupt_int_n]
ubuntu    263179  200 ps ax -o user,pid,pcpu,command
ubuntu    262279  0.2 python3 $HOMEchapel/util/test/start_test.py --performance --numtrials 10 test/studies/shootout/thread-ring/lydia/thread-ring-coforall-begin.chpl
root       80201  0.1 /usr/bin/es-bmcd
ubuntu    263180  0.0 tail -n +2
[Elapsed execution time for "studies/shootout/thread-ring/lydia/thread-ring-coforall-begin" - 71.165 seconds]
[Executing $HOMEchapel/util/test/computePerfStats thread-ring-coforall-begin $HOMEchapel/test/perfdat/clbg_comparison thread-ring-coforall-begin.perfkeys thread-ring-coforall-begin.exec.out.tmp False 07/28/26]
Using set date 07/28/26
Checking for /292/ on line 1...
SUCCESS
Looking for real...found it: 70.96
[Success matching performance keys for studies/shootout/thread-ring/lydia/thread-ring-coforall-begin]
[Executing program $HOMEchapel/util/test/timers/highPrecisionTimer ./thread-ring-coforall-begin --N=50000000 < /dev/null]
[Reporting processes with top 5 highest cpu usages]
USER         PID %CPU COMMAND
root         204  6.9 [irq/79-fusb303b_interrupt_int_n]
ubuntu    263256  200 ps ax -o user,pid,pcpu,command
ubuntu    262279  0.2 python3 $HOMEchapel/util/test/start_test.py --performance --numtrials 10 test/studies/shootout/thread-ring/lydia/thread-ring-coforall-begin.chpl
root       80201  0.1 /usr/bin/es-bmcd
ubuntu    263257  0.0 tail -n +2
[Elapsed execution time for "studies/shootout/thread-ring/lydia/thread-ring-coforall-begin" - 71.749 seconds]
[Executing $HOMEchapel/util/test/computePerfStats thread-ring-coforall-begin $HOMEchapel/test/perfdat/clbg_comparison thread-ring-coforall-begin.perfkeys thread-ring-coforall-begin.exec.out.tmp False 07/28/26]
Using set date 07/28/26
Checking for /292/ on line 1...
SUCCESS
Looking for real...found it: 71.55
[Success matching performance keys for studies/shootout/thread-ring/lydia/thread-ring-coforall-begin]
[Executing program $HOMEchapel/util/test/timers/highPrecisionTimer ./thread-ring-coforall-begin --N=50000000 < /dev/null]
[Reporting processes with top 5 highest cpu usages]
USER         PID %CPU COMMAND
root         204  6.9 [irq/79-fusb303b_interrupt_int_n]
ubuntu    262279  0.1 python3 $HOMEchapel/util/test/start_test.py --performance --numtrials 10 test/studies/shootout/thread-ring/lydia/thread-ring-coforall-begin.chpl
root       80201  0.1 /usr/bin/es-bmcd
ubuntu    263339  0.0 tail -n +2
ubuntu    119442  0.0 sshd: ubuntu@pts/1
[Elapsed execution time for "studies/shootout/thread-ring/lydia/thread-ring-coforall-begin" - 71.162 seconds]
[Executing $HOMEchapel/util/test/computePerfStats thread-ring-coforall-begin $HOMEchapel/test/perfdat/clbg_comparison thread-ring-coforall-begin.perfkeys thread-ring-coforall-begin.exec.out.tmp False 07/28/26]
Using set date 07/28/26
Checking for /292/ on line 1...
SUCCESS
Looking for real...found it: 70.95
[Success matching performance keys for studies/shootout/thread-ring/lydia/thread-ring-coforall-begin]
[Executing program $HOMEchapel/util/test/timers/highPrecisionTimer ./thread-ring-coforall-begin --N=50000000 < /dev/null]
[Reporting processes with top 5 highest cpu usages]
USER         PID %CPU COMMAND
root         204  6.9 [irq/79-fusb303b_interrupt_int_n]
ubuntu    262279  0.1 python3 $HOMEchapel/util/test/start_test.py --performance --numtrials 10 test/studies/shootout/thread-ring/lydia/thread-ring-coforall-begin.chpl
root       80201  0.1 /usr/bin/es-bmcd
ubuntu    263411  0.0 tail -n +2
ubuntu    119442  0.0 sshd: ubuntu@pts/1
[Elapsed execution time for "studies/shootout/thread-ring/lydia/thread-ring-coforall-begin" - 71.427 seconds]
[Executing $HOMEchapel/util/test/computePerfStats thread-ring-coforall-begin $HOMEchapel/test/perfdat/clbg_comparison thread-ring-coforall-begin.perfkeys thread-ring-coforall-begin.exec.out.tmp False 07/28/26]
Using set date 07/28/26
Checking for /292/ on line 1...
SUCCESS
Looking for real...found it: 71.22
[Success matching performance keys for studies/shootout/thread-ring/lydia/thread-ring-coforall-begin]
[Elapsed time to compile and execute all versions of "studies/shootout/thread-ring/lydia/thread-ring-coforall-begin" - 755.060 seconds]
[Finished subtest "studies/shootout/thread-ring/lydia/thread-ring-coforall-begin" - 757.514 seconds]

[Executing genGraphs for $HOMEchapel/test/GRAPHFILES in $HOMEchapel/test/perfdat/clbg_comparison/html]
Running genGraphs with $HOMEchapel/util/test/genGraphs.py  -p $HOMEchapel/test/perfdat/clbg_comparison -o $HOMEchapel/test/perfdat/clbg_comparison/html -t $HOMEchapel/test -n ubuntu   -r avg -g $HOMEchapel/test/GRAPHFILES
WARNING: Invalid graph file key file in $HOMEchapel/test/patterns/primality/prime.graph
WARNING: Invalid graph file key file in $HOMEchapel/test/io/vass/time-write.graph
Read 212 graph files in 37 suites
Created SUCCESS file
[Success generating graphs from $HOMEchapel/test/GRAPHFILES in $HOMEchapel/test/perfdat/clbg_comparison/html]
[Done with tests - 260728.223214]
[Log file: $HOMEchapel/test/Logs/ubuntu.linux64.log ]

[Test Summary - 260728.223214]
[Summary: #Successes = 10 | #Failures = 0 | #Futures = 0 | #Warnings = 0 ]
[Summary: #Passing Suppressions = 0 | #Passing Futures = 0 ]
[END]


[Removing log file with duplicate name $HOMEchapel/test/Logs/ubuntu.linux64.log]
[Starting Chapel regression tests - 260728.223215]
[git branch: 'HEAD' (ef6f51e0435)]
[starting directory: "$HOMEchapel"]
[Logs directory: "$HOMEchapel/test/Logs"]
[log_file: "$HOMEchapel/test/Logs/ubuntu.linux64.log"]
[CHPL_HOME: $HOMEchapel]
[host platform: linux64]
[target platform: linux64]
[valgrind: OFF]
[performance tests: ON]
[compiler performance tests: OFF]
[number of trials: 10]
[performance graph generation: ON]
[performance graph ranges: ON]
[performance graph data reduction: avg]
[compiler: "$HOMEchapel/bin/linux64-riscv64/chpl"]
[compopts: "--fast --cc-warnings"]
[execopts: ""]
[launchcmd: ""]
[comm: "none"]
[networkAtomics: "none"]
[localeModel: "flat"]
[numlocales: "(default)"]
[max_locales: "(default)"]
[Saving current git sha to $HOMEchapel/test/perfdat/clbg_comparison/perfSha.dat]
Using default date 07/28/26
Looking for sha...found it: ef6f51e04354ff39c8fe07f87e708454057104d0
[tests: "$HOMEchapel/test/performance/elliot/no-op.chpl"]
[directories: ""]
[Checking for duplicate performance data filenames]
[Checking for duplicate .graph files and that all .graph files appear in $HOMEchapel/test/*GRAPHFILES]

### Chapel Environment ###
machine info: Linux ubuntu 6.12.33-1-premier #6 SMP PREEMPT_DYNAMIC Thu Nov 27 07:15:04 UTC 2025 riscv64
CHPL_HOME: $HOMEchapel *
script location: $HOMEchapel/util/chplenv
CHPL_HOST_PLATFORM: linux64
CHPL_HOST_COMPILER: llvm +
  CHPL_HOST_CC: $HOMEgit/llvm-project-21/opt/bin/clang +
  CHPL_HOST_CXX: $HOMEgit/llvm-project-21/opt/bin/clang++ +
CHPL_HOST_ARCH: riscv64
CHPL_TARGET_PLATFORM: linux64
CHPL_TARGET_COMPILER: llvm
  CHPL_TARGET_CC: $HOMEgit/llvm-project-21/opt/bin/clang +
  CHPL_TARGET_CXX: $HOMEgit/llvm-project-21/opt/bin/clang++ +
  CHPL_TARGET_LD: $HOMEgit/llvm-project-21/opt/bin/clang++
CHPL_TARGET_ARCH: riscv64
CHPL_TARGET_CPU: native +
CHPL_LOCALE_MODEL: flat *
  CHPL_GPU: none
  CHPL_GPU_SDK_VERSION: none
  CHPL_GPU_MEM_STRATEGY: array_on_device
CHPL_COMM: none *
  CHPL_COMM_SUBSTRATE: none
  CHPL_GASNET_SEGMENT: none *
  CHPL_LIBFABRIC: none
  CHPL_COMM_OFI_OOB: none
CHPL_TASKS: qthreads *
CHPL_LAUNCHER: none *
CHPL_TIMERS: generic
CHPL_UNWIND: bundled
CHPL_HOST_MEM: mimalloc +
  CHPL_HOST_JEMALLOC: none
  CHPL_HOST_MIMALLOC: bundled
CHPL_TARGET_MEM: mimalloc +
  CHPL_TARGET_JEMALLOC: none
  CHPL_TARGET_MIMALLOC: bundled
CHPL_ATOMICS: cstdlib
  CHPL_NETWORK_ATOMICS: none *
CHPL_GMP: bundled
CHPL_HWLOC: bundled
  CHPL_HWLOC_PCI: disable
CHPL_RE2: bundled
CHPL_LLVM: system *
  CHPL_LLVM_SUPPORT: system
  CHPL_LLVM_CONFIG: llvm-config
  CHPL_LLVM_VERSION: 21
CHPL_AUX_FILESYS: none
CHPL_LIB_PIC: none
CHPL_SANITIZE: none
CHPL_SANITIZE_EXE: none
##########################

[Cleaning file $HOMEchapel/test/performance/elliot/no-op.chpl]
[Starting sub_clean no-op.chpl Tue Jul 28 22:32:16 UTC 2026]
[Starting sub_clean - Tue Jul 28 22:32:16 UTC 2026]
[pwd: $HOMEchapel/test/performance/elliot]
Cleaning test: no-op

[Working on file no-op.chpl]
[Starting $HOMEchapel/util/test/sub_test Tue Jul 28 22:32:16 UTC 2026]
[Starting subtest - Tue Jul 28 22:32:17 UTC 2026]
[test: performance/elliot/no-op.chpl]
[Executing compiler $HOMEchapel/bin/linux64-riscv64/chpl --fast --cc-warnings no-op.chpl < /dev/null]
[Elapsed compilation time for "performance/elliot/no-op" - 32.946 seconds]
[Success compiling performance/elliot/no-op]
[Executing program $HOMEchapel/util/test/timers/highPrecisionTimer ./no-op < /dev/null]
[Reporting processes with top 5 highest cpu usages]
USER         PID %CPU COMMAND
root         204  6.9 [irq/79-fusb303b_interrupt_int_n]
ubuntu    263441  3.5 python3 $HOMEchapel/util/test/start_test.py --performance --numtrials 10 test/performance/elliot/no-op.chpl
ubuntu    263516  1.1 python3 $HOMEchapel/util/test/sub_test.py $HOMEchapel/bin/linux64-riscv64/chpl
root       80201  0.1 /usr/bin/es-bmcd
ubuntu    263693  0.0 tail -n +2
[Elapsed execution time for "performance/elliot/no-op" - 0.225 seconds]
[Executing $HOMEchapel/util/test/computePerfStats no-op $HOMEchapel/test/perfdat/clbg_comparison no-op.perfkeys no-op.exec.out.tmp False 07/28/26]
Using set date 07/28/26
Looking for real...found it: 0.01506
[Success matching performance keys for performance/elliot/no-op]
[Executing program $HOMEchapel/util/test/timers/highPrecisionTimer ./no-op < /dev/null]
[Reporting processes with top 5 highest cpu usages]
USER         PID %CPU COMMAND
root         204  6.9 [irq/79-fusb303b_interrupt_int_n]
ubuntu    263441  3.5 python3 $HOMEchapel/util/test/start_test.py --performance --numtrials 10 test/performance/elliot/no-op.chpl
ubuntu    263708  200 ps ax -o user,pid,pcpu,command
ubuntu    263516  1.1 python3 $HOMEchapel/util/test/sub_test.py $HOMEchapel/bin/linux64-riscv64/chpl
root       80201  0.1 /usr/bin/es-bmcd
[Elapsed execution time for "performance/elliot/no-op" - 0.222 seconds]
[Executing $HOMEchapel/util/test/computePerfStats no-op $HOMEchapel/test/perfdat/clbg_comparison no-op.perfkeys no-op.exec.out.tmp False 07/28/26]
Using set date 07/28/26
Looking for real...found it: 0.01576
[Success matching performance keys for performance/elliot/no-op]
[Executing program $HOMEchapel/util/test/timers/highPrecisionTimer ./no-op < /dev/null]
[Reporting processes with top 5 highest cpu usages]
USER         PID %CPU COMMAND
root         204  6.9 [irq/79-fusb303b_interrupt_int_n]
ubuntu    263441  3.4 python3 $HOMEchapel/util/test/start_test.py --performance --numtrials 10 test/performance/elliot/no-op.chpl
ubuntu    263516  1.1 python3 $HOMEchapel/util/test/sub_test.py $HOMEchapel/bin/linux64-riscv64/chpl
root       80201  0.1 /usr/bin/es-bmcd
ubuntu    263725  0.0 tail -n +2
[Elapsed execution time for "performance/elliot/no-op" - 0.225 seconds]
[Executing $HOMEchapel/util/test/computePerfStats no-op $HOMEchapel/test/perfdat/clbg_comparison no-op.perfkeys no-op.exec.out.tmp False 07/28/26]
Using set date 07/28/26
Looking for real...found it: 0.01551
[Success matching performance keys for performance/elliot/no-op]
[Executing program $HOMEchapel/util/test/timers/highPrecisionTimer ./no-op < /dev/null]
[Reporting processes with top 5 highest cpu usages]
USER         PID %CPU COMMAND
root         204  6.9 [irq/79-fusb303b_interrupt_int_n]
ubuntu    263441  3.4 python3 $HOMEchapel/util/test/start_test.py --performance --numtrials 10 test/performance/elliot/no-op.chpl
ubuntu    263516  1.1 python3 $HOMEchapel/util/test/sub_test.py $HOMEchapel/bin/linux64-riscv64/chpl
root       80201  0.1 /usr/bin/es-bmcd
ubuntu    263741  0.0 tail -n +2
[Elapsed execution time for "performance/elliot/no-op" - 0.224 seconds]
[Executing $HOMEchapel/util/test/computePerfStats no-op $HOMEchapel/test/perfdat/clbg_comparison no-op.perfkeys no-op.exec.out.tmp False 07/28/26]
Using set date 07/28/26
Looking for real...found it: 0.016
[Success matching performance keys for performance/elliot/no-op]
[Executing program $HOMEchapel/util/test/timers/highPrecisionTimer ./no-op < /dev/null]
[Reporting processes with top 5 highest cpu usages]
USER         PID %CPU COMMAND
root         204  6.9 [irq/79-fusb303b_interrupt_int_n]
ubuntu    263441  3.4 python3 $HOMEchapel/util/test/start_test.py --performance --numtrials 10 test/performance/elliot/no-op.chpl
ubuntu    263756  200 ps ax -o user,pid,pcpu,command
ubuntu    263516  1.1 python3 $HOMEchapel/util/test/sub_test.py $HOMEchapel/bin/linux64-riscv64/chpl
root       80201  0.1 /usr/bin/es-bmcd
[Elapsed execution time for "performance/elliot/no-op" - 0.225 seconds]
[Executing $HOMEchapel/util/test/computePerfStats no-op $HOMEchapel/test/perfdat/clbg_comparison no-op.perfkeys no-op.exec.out.tmp False 07/28/26]
Using set date 07/28/26
Looking for real...found it: 0.01552
[Success matching performance keys for performance/elliot/no-op]
[Executing program $HOMEchapel/util/test/timers/highPrecisionTimer ./no-op < /dev/null]
[Reporting processes with top 5 highest cpu usages]
USER         PID %CPU COMMAND
root         204  6.9 [irq/79-fusb303b_interrupt_int_n]
ubuntu    263441  3.4 python3 $HOMEchapel/util/test/start_test.py --performance --numtrials 10 test/performance/elliot/no-op.chpl
ubuntu    263516  1.1 python3 $HOMEchapel/util/test/sub_test.py $HOMEchapel/bin/linux64-riscv64/chpl
root       80201  0.1 /usr/bin/es-bmcd
ubuntu    263773  0.0 tail -n +2
[Elapsed execution time for "performance/elliot/no-op" - 0.228 seconds]
[Executing $HOMEchapel/util/test/computePerfStats no-op $HOMEchapel/test/perfdat/clbg_comparison no-op.perfkeys no-op.exec.out.tmp False 07/28/26]
Using set date 07/28/26
Looking for real...found it: 0.01555
[Success matching performance keys for performance/elliot/no-op]
[Executing program $HOMEchapel/util/test/timers/highPrecisionTimer ./no-op < /dev/null]
[Reporting processes with top 5 highest cpu usages]
USER         PID %CPU COMMAND
root         204  6.9 [irq/79-fusb303b_interrupt_int_n]
ubuntu    263441  3.3 python3 $HOMEchapel/util/test/start_test.py --performance --numtrials 10 test/performance/elliot/no-op.chpl
ubuntu    263788  200 ps ax -o user,pid,pcpu,command
ubuntu    263516  1.1 python3 $HOMEchapel/util/test/sub_test.py $HOMEchapel/bin/linux64-riscv64/chpl
root       80201  0.1 /usr/bin/es-bmcd
[Elapsed execution time for "performance/elliot/no-op" - 0.223 seconds]
[Executing $HOMEchapel/util/test/computePerfStats no-op $HOMEchapel/test/perfdat/clbg_comparison no-op.perfkeys no-op.exec.out.tmp False 07/28/26]
Using set date 07/28/26
Looking for real...found it: 0.01546
[Success matching performance keys for performance/elliot/no-op]
[Executing program $HOMEchapel/util/test/timers/highPrecisionTimer ./no-op < /dev/null]
[Reporting processes with top 5 highest cpu usages]
USER         PID %CPU COMMAND
root         204  6.9 [irq/79-fusb303b_interrupt_int_n]
ubuntu    263441  3.3 python3 $HOMEchapel/util/test/start_test.py --performance --numtrials 10 test/performance/elliot/no-op.chpl
ubuntu    263808  200 ps ax -o user,pid,pcpu,command
ubuntu    263516  1.1 python3 $HOMEchapel/util/test/sub_test.py $HOMEchapel/bin/linux64-riscv64/chpl
root       80201  0.1 /usr/bin/es-bmcd
[Elapsed execution time for "performance/elliot/no-op" - 0.221 seconds]
[Executing $HOMEchapel/util/test/computePerfStats no-op $HOMEchapel/test/perfdat/clbg_comparison no-op.perfkeys no-op.exec.out.tmp False 07/28/26]
Using set date 07/28/26
Looking for real...found it: 0.01603
[Success matching performance keys for performance/elliot/no-op]
[Executing program $HOMEchapel/util/test/timers/highPrecisionTimer ./no-op < /dev/null]
[Reporting processes with top 5 highest cpu usages]
USER         PID %CPU COMMAND
root         204  6.9 [irq/79-fusb303b_interrupt_int_n]
ubuntu    263441  3.3 python3 $HOMEchapel/util/test/start_test.py --performance --numtrials 10 test/performance/elliot/no-op.chpl
ubuntu    263516  1.1 python3 $HOMEchapel/util/test/sub_test.py $HOMEchapel/bin/linux64-riscv64/chpl
root       80201  0.1 /usr/bin/es-bmcd
ubuntu    263825  0.0 tail -n +2
[Elapsed execution time for "performance/elliot/no-op" - 0.235 seconds]
[Executing $HOMEchapel/util/test/computePerfStats no-op $HOMEchapel/test/perfdat/clbg_comparison no-op.perfkeys no-op.exec.out.tmp False 07/28/26]
Using set date 07/28/26
Looking for real...found it: 0.01632
[Success matching performance keys for performance/elliot/no-op]
[Executing program $HOMEchapel/util/test/timers/highPrecisionTimer ./no-op < /dev/null]
[Reporting processes with top 5 highest cpu usages]
USER         PID %CPU COMMAND
root         204  6.9 [irq/79-fusb303b_interrupt_int_n]
ubuntu    263441  3.2 python3 $HOMEchapel/util/test/start_test.py --performance --numtrials 10 test/performance/elliot/no-op.chpl
ubuntu    263516  1.1 python3 $HOMEchapel/util/test/sub_test.py $HOMEchapel/bin/linux64-riscv64/chpl
root       80201  0.1 /usr/bin/es-bmcd
ubuntu    263841  0.0 tail -n +2
[Elapsed execution time for "performance/elliot/no-op" - 0.224 seconds]
[Executing $HOMEchapel/util/test/computePerfStats no-op $HOMEchapel/test/perfdat/clbg_comparison no-op.perfkeys no-op.exec.out.tmp False 07/28/26]
Using set date 07/28/26
Looking for real...found it: 0.01537
[Success matching performance keys for performance/elliot/no-op]
[Elapsed time to compile and execute all versions of "performance/elliot/no-op" - 36.768 seconds]
[Finished subtest "performance/elliot/no-op" - 37.741 seconds]

[Executing genGraphs for graph_files in $HOMEchapel/test/performance/elliot in $HOMEchapel/test/perfdat/clbg_comparison/html]
Running genGraphs with $HOMEchapel/util/test/genGraphs.py  -p $HOMEchapel/test/perfdat/clbg_comparison -o $HOMEchapel/test/perfdat/clbg_comparison/html -n ubuntu   -r avg $HOMEchapel/test/performance/elliot/no-op.graph
Read 1 graph files in 0 suites
Created SUCCESS file
[Success generating graphs for graph_files in $HOMEchapel/test/performance/elliot in $HOMEchapel/test/perfdat/clbg_comparison/html]
[Executing genGraphs for $HOMEchapel/test/GRAPHFILES in $HOMEchapel/test/perfdat/clbg_comparison/html]
Running genGraphs with $HOMEchapel/util/test/genGraphs.py  -p $HOMEchapel/test/perfdat/clbg_comparison -o $HOMEchapel/test/perfdat/clbg_comparison/html -t $HOMEchapel/test -n ubuntu   -r avg -g $HOMEchapel/test/GRAPHFILES
WARNING: Invalid graph file key file in $HOMEchapel/test/patterns/primality/prime.graph
WARNING: Invalid graph file key file in $HOMEchapel/test/io/vass/time-write.graph
Read 212 graph files in 37 suites
Created SUCCESS file
[Success generating graphs from $HOMEchapel/test/GRAPHFILES in $HOMEchapel/test/perfdat/clbg_comparison/html]
[Done with tests - 260728.223258]
[Log file: $HOMEchapel/test/Logs/ubuntu.linux64.log ]

[Test Summary - 260728.223258]
[Summary: #Successes = 10 | #Failures = 0 | #Futures = 0 | #Warnings = 0 ]
[Summary: #Passing Suppressions = 0 | #Passing Futures = 0 ]
[END]

